heading[deg],image_fname,frame,latitude[deg],longitude[deg],cam,neighborhood,subfolder
100.704464537136,1598054497585344_right,1598054497585344_right,-7.3010623119058,112.751628756523,1,my_hood,data/mapillary_images_new/Qycm8N0gHbjkBZCtdxMoY3/right
145.385421969087,1278292633437885_right,1278292633437885_right,-7.30413247439378,112.750083804131,1,,data/mapillary_images_new/VW2hY8wcJ3e4PDUjQivLGd/right
280.575309047771,955773762569954_right,955773762569954_right,-7.30105167005809,112.75365114212,1,my_hood,data/mapillary_images_new/Qycm8N0gHbjkBZCtdxMoY3/right
292.686169844045,923635203273380_right,923635203273380_right,-7.30323324354323,112.7492415905,1,,data/mapillary_images_new/KEYQ7cuxoq089kXALyJD6R/right
10.4082193560387,459965050269992_right,459965050269992_right,-7.30370148231835,112.749719023705,1,,data/mapillary_images_new/VW2hY8wcJ3e4PDUjQivLGd/right
104.146410741376,1516757255652691_right,1516757255652691_right,-7.30175403146386,112.750480771065,1,my_hood,data/mapillary_images_new/Qycm8N0gHbjkBZCtdxMoY3/right
294.620077586894,1776107013124567_right,1776107013124567_right,-7.29978528837233,112.750024795532,1,my_hood,data/mapillary_images_new/VhRsvgX03frqbokEC81T76/right
247.214135571212,2298503150519027_right,2298503150519027_right,-7.29939153871409,112.749091386795,1,,data/mapillary_images_new/rLKfngGP2QWN4z7hej1FIu/right
205.166269827882,8710243685751899_right,8710243685751899_right,-7.2993489711627,112.749123573303,1,,data/mapillary_images_new/rLKfngGP2QWN4z7hej1FIu/right
287.234389692667,1785576735593907_right,1785576735593907_right,-7.30411119084425,112.750148177147,1,,data/mapillary_images_new/wmL9oX1AljUsix742F0cZf/right
99.1632792713662,898252438957410_right,898252438957410_right,-7.29868385264619,112.748281359673,1,,data/mapillary_images_new/rLKfngGP2QWN4z7hej1FIu/right
281.726158173754,869856735075436_right,869856735075436_right,-7.30309490017491,112.754037380219,1,my_hood,data/mapillary_images_new/VhRsvgX03frqbokEC81T76/right
253.171848910484,3904599976462901_right,3904599976462901_right,-7.30363763160517,112.750153541565,1,,data/mapillary_images_new/VW2hY8wcJ3e4PDUjQivLGd/right
280.387280348123,2598644953668695_right,2598644953668695_right,-7.30223291360798,112.754053473473,1,my_hood,data/mapillary_images_new/Qycm8N0gHbjkBZCtdxMoY3/right
224.766837810604,1637356453831304_right,1637356453831304_right,-7.30017903768398,112.748801708221,1,,data/mapillary_images_new/2WwrcMRsN6phxTSEt0yeKb/right
107.121623257183,1026877515913379_right,1026877515913379_right,-7.30121129774717,112.752293944359,1,my_hood,data/mapillary_images_new/Qycm8N0gHbjkBZCtdxMoY3/right
116.752110196298,1151687366525068_right,1151687366525068_right,-7.30157844121584,112.749869227409,1,my_hood,data/mapillary_images_new/Qycm8N0gHbjkBZCtdxMoY3/right
203.578106731286,2398772687132588_right,2398772687132588_right,-7.29924255226651,112.749166488647,1,,data/mapillary_images_new/rLKfngGP2QWN4z7hej1FIu/right
288.065034595291,913939847579941_right,913939847579941_right,-7.30252024264827,112.75171995163,1,my_hood,data/mapillary_images_new/VhRsvgX03frqbokEC81T76/right
272.623795186649,1026742429216883_right,1026742429216883_right,-7.29918402186283,112.748340368271,1,,data/mapillary_images_new/rLKfngGP2QWN4z7hej1FIu/right
292.413046367361,1737245737115378_right,1737245737115378_right,-7.30298848217015,112.748426198959,1,,data/mapillary_images_new/VW2hY8wcJ3e4PDUjQivLGd/right
26.3789416045826,500533732688389_right,500533732688389_right,-7.30084415397708,112.75003015995,1,my_hood,data/mapillary_images_new/Qycm8N0gHbjkBZCtdxMoY3/right
285.135575372213,1261190784997181_right,1261190784997181_right,-7.30300444487247,112.748490571976,1,,data/mapillary_images_new/KEYQ7cuxoq089kXALyJD6R/right
107.121662008424,924163626524863_right,924163626524863_right,-7.30228612270345,112.752465605736,1,my_hood,data/mapillary_images_new/Qycm8N0gHbjkBZCtdxMoY3/right
221.402112754624,1537164167673489_right,1537164167673489_right,-7.2999023490147,112.749831676483,1,my_hood,data/mapillary_images_new/VhRsvgX03frqbokEC81T76/right
97.8278112139255,1112590246837099_right,1112590246837099_right,-7.29844440973815,112.754943966866,1,,data/mapillary_images_new/t7ONjKynz6e5I4fvDqAYBW/right
101.40001891988,1254594235831952_right,1254594235831952_right,-7.30298848217015,112.751934528351,1,my_hood,data/mapillary_images_new/VhRsvgX03frqbokEC81T76/right
286.516278274119,1104397487985338_right,1104397487985338_right,-7.30217970450619,112.753833532333,1,my_hood,data/mapillary_images_new/Qycm8N0gHbjkBZCtdxMoY3/right
284.583563387412,469352532581590_right,469352532581590_right,-7.30139220905926,112.75076508522,1,my_hood,data/mapillary_images_new/Qycm8N0gHbjkBZCtdxMoY3/right
183.154102540474,1982832228881804_right,1982832228881804_right,-7.3007749819287,112.750561237335,1,my_hood,data/mapillary_images_new/VhRsvgX03frqbokEC81T76/right
341.218112652263,1254522625630246_right,1254522625630246_right,-7.30401541485884,112.750148177147,1,,data/mapillary_images_new/VW2hY8wcJ3e4PDUjQivLGd/right
290.927440598886,1349079136451447_right,1349079136451447_right,-7.3020360398997,112.74992287159,1,my_hood,data/mapillary_images_new/VhRsvgX03frqbokEC81T76/right
96.3915981123803,912641373979015_right,912641373979015_right,-7.30158376213345,112.7498960495,1,my_hood,data/mapillary_images_new/Qycm8N0gHbjkBZCtdxMoY3/right
286.069073504093,1538922540140925_right,1538922540140925_right,-7.30223823451782,112.75065779686,1,my_hood,data/mapillary_images_new/VhRsvgX03frqbokEC81T76/right
8.35963023951672,1032455282232706_right,1032455282232706_right,-7.30014711207703,112.75071144104,1,my_hood,data/mapillary_images_new/VhRsvgX03frqbokEC81T76/right
291.010024565003,1522272185058592_right,1522272185058592_right,-7.29923723132104,112.748554944992,1,,data/mapillary_images_new/rLKfngGP2QWN4z7hej1FIu/right
285.241921725887,577895611648693_right,577895611648693_right,-7.30158376213345,112.751441001892,1,my_hood,data/mapillary_images_new/Qycm8N0gHbjkBZCtdxMoY3/right
101.400011619461,1975756059599963_right,1975756059599963_right,-7.30270115343077,112.754080295563,1,my_hood,data/mapillary_images_new/Qycm8N0gHbjkBZCtdxMoY3/right
22.7650551589476,953580976705880_right,953580976705880_right,-7.30409522818144,112.749504446983,1,,data/mapillary_images_new/wmL9oX1AljUsix742F0cZf/right
285.830688874703,605984851803133_right,605984851803133_right,-7.30277564608464,112.752674818039,1,my_hood,data/mapillary_images_new/VhRsvgX03frqbokEC81T76/right
85.1975687173111,627717043015011_right,627717043015011_right,-7.30407394463013,112.748254537582,1,,data/mapillary_images_new/KEYQ7cuxoq089kXALyJD6R/right
110.133282993495,566458692894700_right,566458692894700_right,-7.29869981550218,112.748335003853,1,,data/mapillary_images_new/rLKfngGP2QWN4z7hej1FIu/right
109.23816272377,601010739246592_right,601010739246592_right,-7.3016742177233,112.750158905983,1,my_hood,data/mapillary_images_new/Qycm8N0gHbjkBZCtdxMoY3/right
272.623801230306,3236020579872799_right,3236020579872799_right,-7.3001950004866,112.748748064041,1,,data/mapillary_images_new/2WwrcMRsN6phxTSEt0yeKb/right
220.95502306686,1598198791085956_right,1598198791085956_right,-7.29904035629401,112.750191092491,1,,data/mapillary_images_new/VhRsvgX03frqbokEC81T76/right
18.2954410316845,609742768198764_right,609742768198764_right,-7.30184980793371,112.749558091164,1,my_hood,data/mapillary_images_new/Qycm8N0gHbjkBZCtdxMoY3/right
182.366627477804,575113208737709_right,575113208737709_right,-7.29983849775904,112.750743627548,1,my_hood,data/mapillary_images_new/VhRsvgX03frqbokEC81T76/right
285.241975837254,1980253602481371_right,1980253602481371_right,-7.30324920623683,112.749316692352,1,,data/mapillary_images_new/VW2hY8wcJ3e4PDUjQivLGd/right
102.071198976819,1118896666304758_right,1118896666304758_right,-7.30225419724694,112.752352952957,1,my_hood,data/mapillary_images_new/Qycm8N0gHbjkBZCtdxMoY3/right
66.6320654542768,1508081279876127_right,1508081279876127_right,-7.30075901914678,112.750094532967,1,my_hood,data/mapillary_images_new/Qycm8N0gHbjkBZCtdxMoY3/right
101.861799631401,1106716347797115_right,1106716347797115_right,-7.30218502541666,112.75207400322,1,my_hood,data/mapillary_images_new/Qycm8N0gHbjkBZCtdxMoY3/right
4.36315720543729,2003219623512413_right,2003219623512413_right,-7.30338222866123,112.749493718147,1,,data/mapillary_images_new/KEYQ7cuxoq089kXALyJD6R/right
116.752147602062,1318456649155947_right,1318456649155947_right,-7.30230740633988,112.749246954918,1,my_hood,data/mapillary_images_new/VhRsvgX03frqbokEC81T76/right
130.466566433883,929036089202492_right,929036089202492_right,-7.30186044976242,112.750883102417,1,my_hood,data/mapillary_images_new/Qycm8N0gHbjkBZCtdxMoY3/right
114.136151561232,978090807705113_right,978090807705113_right,-7.30268519071763,112.75076508522,1,my_hood,data/mapillary_images_new/VhRsvgX03frqbokEC81T76/right
0,3914770608759801_right,3914770608759801_right,-7.29983317682066,112.751478552818,1,my_hood,data/mapillary_images_new/Qycm8N0gHbjkBZCtdxMoY3/right
103.778897511635,1111006743586612_right,1111006743586612_right,-7.30379725837102,112.751666307449,1,,data/mapillary_images_new/wmL9oX1AljUsix742F0cZf/right
272.138408205284,604715158635616_right,604715158635616_right,-7.29891265352747,112.751188874245,1,,data/mapillary_images_new/Qycm8N0gHbjkBZCtdxMoY3/right
106.951161739189,490179343653374_right,490179343653374_right,-7.3040047730814,112.752476334572,1,,data/mapillary_images_new/wmL9oX1AljUsix742F0cZf/right
290.034906920585,2976786512487613_right,2976786512487613_right,-7.30300976577313,112.74850666523,1,,data/mapillary_images_new/VW2hY8wcJ3e4PDUjQivLGd/right
107.487351141255,1593799485348949_right,1593799485348949_right,-7.30341415403721,112.753495573997,1,my_hood,data/mapillary_images_new/VhRsvgX03frqbokEC81T76/right
184.202174367211,2056246624886613_right,2056246624886613_right,-7.30058342850808,112.750609517097,1,my_hood,data/mapillary_images_new/VhRsvgX03frqbokEC81T76/right
111.607027847232,604035222005006_right,604035222005006_right,-7.30271179523922,112.750840187073,1,my_hood,data/mapillary_images_new/VhRsvgX03frqbokEC81T76/right
103.498069822443,1110461150399273_right,1110461150399273_right,-7.30413779528099,112.752948403358,1,,data/mapillary_images_new/wmL9oX1AljUsix742F0cZf/right
286.069088881121,1380949739542331_right,1380949739542331_right,-7.30268519071763,112.752347588539,1,my_hood,data/mapillary_images_new/VhRsvgX03frqbokEC81T76/right
30.758374420546,478867221904766_right,478867221904766_right,-7.30096121434231,112.751242518425,1,my_hood,data/mapillary_images_new/VhRsvgX03frqbokEC81T76/right
286.684982328979,565527869636185_right,565527869636185_right,-7.30291398955175,112.753259539604,1,my_hood,data/mapillary_images_new/VhRsvgX03frqbokEC81T76/right
299.946342521005,1181312803353497_right,1181312803353497_right,-7.30319067635754,112.754418253899,1,my_hood,data/mapillary_images_new/VhRsvgX03frqbokEC81T76/right
99.8055012482041,1119986626578927_right,1119986626578927_right,-7.29849229833002,112.755287289619,1,,data/mapillary_images_new/t7ONjKynz6e5I4fvDqAYBW/right
16.5712197585387,564190649726701_right,564190649726701_right,-7.30337690776503,112.749735116959,1,,data/mapillary_images_new/wmL9oX1AljUsix742F0cZf/right
291.962776418621,1103611431237147_right,1103611431237147_right,-7.30220098814767,112.750496864319,1,my_hood,data/mapillary_images_new/VhRsvgX03frqbokEC81T76/right
141.237014130947,1101008964651579_right,1101008964651579_right,-7.30256280989779,112.750217914581,1,my_hood,data/mapillary_images_new/VhRsvgX03frqbokEC81T76/right
269.999999823344,1110895100584972_right,1110895100584972_right,-7.30188173341911,112.752626538277,1,my_hood,data/mapillary_images_new/Qycm8N0gHbjkBZCtdxMoY3/right
103.344903082706,795206086113036_right,795206086113036_right,-7.30139220905926,112.75316298008,1,my_hood,data/mapillary_images_new/Qycm8N0gHbjkBZCtdxMoY3/right
284.583618195872,904311621911398_right,904311621911398_right,-7.30315343006673,112.754257321358,1,my_hood,data/mapillary_images_new/VhRsvgX03frqbokEC81T76/right
287.955160911963,1977924746032715_right,1977924746032715_right,-7.29929044077294,112.748715877533,1,,data/mapillary_images_new/rLKfngGP2QWN4z7hej1FIu/right
283.344928167191,8941498429231049_right,8941498429231049_right,-7.3022808017942,112.754284143448,1,my_hood,data/mapillary_images_new/Qycm8N0gHbjkBZCtdxMoY3/right
106.269395616179,944573454284037_right,944573454284037_right,-7.30232868997527,112.752631902695,1,my_hood,data/mapillary_images_new/Qycm8N0gHbjkBZCtdxMoY3/right
201.640996685334,1325269571829306_right,1325269571829306_right,-7.3020679653718,112.748957276344,1,my_hood,data/mapillary_images_new/VhRsvgX03frqbokEC81T76/right
280.205690378824,8592938097477943_right,8592938097477943_right,-7.30063663779981,112.751698493958,1,my_hood,data/mapillary_images_new/Qycm8N0gHbjkBZCtdxMoY3/right
98.8165570266495,1528625524499462_right,1528625524499462_right,-7.30212117448689,112.75182723999,1,my_hood,data/mapillary_images_new/Qycm8N0gHbjkBZCtdxMoY3/right
101.041451223968,975049387829247_right,975049387829247_right,-7.30270647433503,112.754112482071,1,my_hood,data/mapillary_images_new/Qycm8N0gHbjkBZCtdxMoY3/right
107.955218021244,1976636156136633_right,1976636156136633_right,-7.30080158656396,112.750282287598,1,my_hood,data/mapillary_images_new/Qycm8N0gHbjkBZCtdxMoY3/right
289.238172114868,3984007238585425_right,3984007238585425_right,-7.30191897981585,112.752792835236,1,my_hood,data/mapillary_images_new/Qycm8N0gHbjkBZCtdxMoY3/right
291.529341658544,1123647019771848_right,1123647019771848_right,-7.30018435861825,112.748694419861,1,,data/mapillary_images_new/2WwrcMRsN6phxTSEt0yeKb/right
206.378991972013,939811724778904_right,939811724778904_right,-7.29985446057381,112.749853134155,1,my_hood,data/mapillary_images_new/VhRsvgX03frqbokEC81T76/right
279.944847802962,1143926230634114_right,1143926230634114_right,-7.30104634913414,112.75362432003,1,my_hood,data/mapillary_images_new/Qycm8N0gHbjkBZCtdxMoY3/right
6.06631741816386,1350085156430857_right,1350085156430857_right,-7.2990776029274,112.751478552818,1,,data/mapillary_images_new/Qycm8N0gHbjkBZCtdxMoY3/right
111.962764716875,1102804054708692_right,1102804054708692_right,-7.30192430072941,112.751097679138,1,my_hood,data/mapillary_images_new/Qycm8N0gHbjkBZCtdxMoY3/right
8.46255984086508,983870817109012_right,983870817109012_right,-7.30346204209688,112.749477624893,1,,data/mapillary_images_new/KEYQ7cuxoq089kXALyJD6R/right
101.041462690735,944481940566794_right,944481940566794_right,-7.30318003456048,112.752647995949,1,my_hood,data/mapillary_images_new/VhRsvgX03frqbokEC81T76/right
103.601964643528,490653654045962_right,490653654045962_right,-7.30096653526728,112.75106549263,1,my_hood,data/mapillary_images_new/VhRsvgX03frqbokEC81T76/right
110.133457718119,1296065004747437_right,1296065004747437_right,-7.30291931045348,112.751660943031,1,my_hood,data/mapillary_images_new/VhRsvgX03frqbokEC81T76/right
277.827857627836,579250858235590_right,579250858235590_right,-7.30115276760112,112.754209041595,1,my_hood,data/mapillary_images_new/Qycm8N0gHbjkBZCtdxMoY3/right
214.069935937477,951619706391802_right,951619706391802_right,-7.30379193747973,112.749997973442,1,,data/mapillary_images_new/VW2hY8wcJ3e4PDUjQivLGd/right
101.091270067828,1000656341895711_right,1000656341895711_right,-7.30128579064925,112.752685546875,1,my_hood,data/mapillary_images_new/Qycm8N0gHbjkBZCtdxMoY3/right
277.491469730385,954892623235312_right,954892623235312_right,-7.30126982788556,112.754847407341,1,my_hood,data/mapillary_images_new/Qycm8N0gHbjkBZCtdxMoY3/right
101.400022304143,8959335654181840_right,8959335654181840_right,-7.3031268255714,112.7524548769,1,my_hood,data/mapillary_images_new/VhRsvgX03frqbokEC81T76/right
290.287595162382,582529418085675_right,582529418085675_right,-7.30257877261533,112.751966714859,1,my_hood,data/mapillary_images_new/VhRsvgX03frqbokEC81T76/right
26.3787734342806,1100848724672150_right,1100848724672150_right,-7.30413779528099,112.749305963516,1,,data/mapillary_images_new/GfnECFq1P5zs8ldBytcZSH/right
100.704478175034,2687441318123291_right,2687441318123291_right,-7.30164761313995,112.754407525063,1,my_hood,data/mapillary_images_new/Qycm8N0gHbjkBZCtdxMoY3/right
284.583598246829,1110067973945036_right,1110067973945036_right,-7.30250960083526,112.751693129539,1,my_hood,data/mapillary_images_new/VhRsvgX03frqbokEC81T76/right
288.575419667247,1295978488079577_right,1295978488079577_right,-7.30318003456048,112.754391431808,1,my_hood,data/mapillary_images_new/VhRsvgX03frqbokEC81T76/right
180,506789155161323_right,506789155161323_right,-7.29978528837233,112.750743627548,1,my_hood,data/mapillary_images_new/VhRsvgX03frqbokEC81T76/right
115.381437080226,892172816430588_right,892172816430588_right,-7.30390899707321,112.749660015106,1,,data/mapillary_images_new/VW2hY8wcJ3e4PDUjQivLGd/right
286.715462043555,2291736231196687_right,2291736231196687_right,-7.3030789374758,112.748699784279,1,,data/mapillary_images_new/VW2hY8wcJ3e4PDUjQivLGd/right
102.627966126121,1407306966913253_right,1407306966913253_right,-7.30169018047256,112.754627466202,1,my_hood,data/mapillary_images_new/Qycm8N0gHbjkBZCtdxMoY3/right
110.287471768548,903254851921564_right,903254851921564_right,-7.29960969735134,112.748340368271,1,,data/mapillary_images_new/2WwrcMRsN6phxTSEt0yeKb/right
195.822622654636,1633929227501764_right,1633929227501764_right,-7.3006685633718,112.750593423843,1,my_hood,data/mapillary_images_new/VhRsvgX03frqbokEC81T76/right
195.137185839307,1650968938822511_right,1650968938822511_right,-7.29927447793803,112.750115990639,1,,data/mapillary_images_new/VhRsvgX03frqbokEC81T76/right
281.091306822664,1189464726229770_right,1189464726229770_right,-7.30282353421272,112.752867937088,1,my_hood,data/mapillary_images_new/VhRsvgX03frqbokEC81T76/right
290.709815979388,565980856229584_right,565980856229584_right,-7.29986510245001,112.750174999237,1,my_hood,data/mapillary_images_new/VhRsvgX03frqbokEC81T76/right
110.880520572299,617826507258648_right,617826507258648_right,-7.30345140030629,112.750368118286,1,,data/mapillary_images_new/wmL9oX1AljUsix742F0cZf/right
60.0537770604118,1572658593617665_right,1572658593617665_right,-7.30103570728605,112.751231789589,1,my_hood,data/mapillary_images_new/Qycm8N0gHbjkBZCtdxMoY3/right
99.5382474499352,925556853052132_right,925556853052132_right,-7.30076434007415,112.750174999237,1,my_hood,data/mapillary_images_new/Qycm8N0gHbjkBZCtdxMoY3/right
11.2205006167154,458126390680053_right,458126390680053_right,-7.30383450460818,112.74959564209,1,,data/mapillary_images_new/wmL9oX1AljUsix742F0cZf/right
265.197623718578,902916428623941_right,902916428623941_right,-7.2989020116286,112.750663161278,1,,data/mapillary_images_new/rLKfngGP2QWN4z7hej1FIu/right
93.3939203226757,446951631812319_right,446951631812319_right,-7.30179127787123,112.750647068024,1,my_hood,data/mapillary_images_new/Qycm8N0gHbjkBZCtdxMoY3/right
118.373217699875,1850865522338900_right,1850865522338900_right,-7.30165293405675,112.750105261803,1,my_hood,data/mapillary_images_new/Qycm8N0gHbjkBZCtdxMoY3/right
204.838604728954,617457177646253_right,617457177646253_right,-7.30126450696422,112.749230861664,1,my_hood,data/mapillary_images_new/VhRsvgX03frqbokEC81T76/right
108.015452203166,1643944873670864_right,1643944873670864_right,-7.30161568763785,112.75000333786,1,my_hood,data/mapillary_images_new/Qycm8N0gHbjkBZCtdxMoY3/right
286.069023074866,907028888245819_right,907028888245819_right,-7.30075901914678,112.752299308777,1,my_hood,data/mapillary_images_new/Qycm8N0gHbjkBZCtdxMoY3/right
286.516229133815,8765731133524286_right,8765731133524286_right,-7.3007749819287,112.752358317375,1,my_hood,data/mapillary_images_new/Qycm8N0gHbjkBZCtdxMoY3/right
280.87041162156,633081909059257_right,633081909059257_right,-7.30329177341694,112.749617099762,1,,data/mapillary_images_new/wmL9oX1AljUsix742F0cZf/right
286.269426433824,616412121043543_right,616412121043543_right,-7.30324388533903,112.749289870262,1,,data/mapillary_images_new/VW2hY8wcJ3e4PDUjQivLGd/right
267.594587023076,2127860584351884_right,2127860584351884_right,-7.29890733257805,112.750802636147,1,,data/mapillary_images_new/rLKfngGP2QWN4z7hej1FIu/right
357.01158395922,1263746011585093_right,1263746011585093_right,-7.29938621777039,112.751478552818,1,,data/mapillary_images_new/Qycm8N0gHbjkBZCtdxMoY3/right
15.8225165493456,622262537000534_right,622262537000534_right,-7.30382386282645,112.749660015106,1,,data/mapillary_images_new/VW2hY8wcJ3e4PDUjQivLGd/right
18.2953705948511,578305045105386_right,578305045105386_right,-7.30370148231835,112.749638557434,1,,data/mapillary_images_new/wmL9oX1AljUsix742F0cZf/right
105.374035241193,1115501996919194_right,1115501996919194_right,-7.30397816863675,112.752363681793,1,,data/mapillary_images_new/wmL9oX1AljUsix742F0cZf/right
103.778890135665,9024494094304685_right,9024494094304685_right,-7.30354717641254,112.753983736038,1,my_hood,data/mapillary_images_new/VhRsvgX03frqbokEC81T76/right
105.763828499855,1130182701835114_right,1130182701835114_right,-7.30258409352105,112.750298380852,1,my_hood,data/mapillary_images_new/VhRsvgX03frqbokEC81T76/right
105.496002004538,1830918487735380_right,1830918487735380_right,-7.30346736299208,112.750421762466,1,,data/mapillary_images_new/wmL9oX1AljUsix742F0cZf/right
278.195621480807,1142749347582488_right,1142749347582488_right,-7.29892861637526,112.751441001892,1,,data/mapillary_images_new/Qycm8N0gHbjkBZCtdxMoY3/right
286.828130876614,3889558867940845_right,3889558867940845_right,-7.3030682956761,112.75389790535,1,my_hood,data/mapillary_images_new/VhRsvgX03frqbokEC81T76/right
105.495993245406,28486412547623786_right,28486412547623786_right,-7.30320131815435,112.752733826637,1,my_hood,data/mapillary_images_new/VhRsvgX03frqbokEC81T76/right
288.575454249582,1119311559885691_right,1119311559885691_right,-7.30407394463013,112.750695347786,1,,data/mapillary_images_new/VW2hY8wcJ3e4PDUjQivLGd/right
193.390253131329,1133534021743387_right,1133534021743387_right,-7.30155183662679,112.749123573303,1,my_hood,data/mapillary_images_new/VhRsvgX03frqbokEC81T76/right
308.101110877392,1110408480303618_right,1110408480303618_right,-7.29877430882254,112.750325202942,1,,data/mapillary_images_new/rLKfngGP2QWN4z7hej1FIu/right
269.999999803156,909664144612629_right,909664144612629_right,-7.29991299088978,112.750309109688,1,my_hood,data/mapillary_images_new/VhRsvgX03frqbokEC81T76/right
110.133433756505,1111984267049566_right,1111984267049566_right,-7.3023393317926,112.749440073967,1,my_hood,data/mapillary_images_new/VhRsvgX03frqbokEC81T76/right
119.008339423729,551688291022878_right,551688291022878_right,-7.30390367618324,112.749633193016,1,,data/mapillary_images_new/VW2hY8wcJ3e4PDUjQivLGd/right
286.069074769676,593781550269018_right,593781550269018_right,-7.30227548088487,112.75425195694,1,my_hood,data/mapillary_images_new/Qycm8N0gHbjkBZCtdxMoY3/right
290.709949635412,3844406342555305_right,3844406342555305_right,-7.30302040757424,112.748538851738,1,,data/mapillary_images_new/VW2hY8wcJ3e4PDUjQivLGd/right
105.135600113659,581368854762821_right,581368854762821_right,-7.30375469123904,112.751526832581,1,,data/mapillary_images_new/wmL9oX1AljUsix742F0cZf/right
274.118909163822,1119003763060225_right,1119003763060225_right,-7.30220098814767,112.750523686409,1,my_hood,data/mapillary_images_new/VhRsvgX03frqbokEC81T76/right
92.0621014964203,958604628932479_right,958604628932479_right,-7.29837523731864,112.754493355751,1,,data/mapillary_images_new/t7ONjKynz6e5I4fvDqAYBW/right
109.684209489227,1352840972794804_right,1352840972794804_right,-7.30319067635754,112.752707004547,1,my_hood,data/mapillary_images_new/VhRsvgX03frqbokEC81T76/right
200.618014920787,566666659498863_right,566666659498863_right,-7.30195622620948,112.748994827271,1,my_hood,data/mapillary_images_new/VhRsvgX03frqbokEC81T76/right
9.38692541914969,571817959169965_right,571817959169965_right,-7.3033981913495,112.754396796227,1,my_hood,data/mapillary_images_new/VhRsvgX03frqbokEC81T76/right
104.494097180708,1317227765980234_right,1317227765980234_right,-7.30359506445797,112.750888466835,1,,data/mapillary_images_new/wmL9oX1AljUsix742F0cZf/right
105.185993882518,2085887315177710_right,2085887315177710_right,-7.30104102821012,112.751521468163,1,my_hood,data/mapillary_images_new/Qycm8N0gHbjkBZCtdxMoY3/right
285.495993044067,1636237120335194_right,1636237120335194_right,-7.3032119599509,112.749182581902,1,,data/mapillary_images_new/KEYQ7cuxoq089kXALyJD6R/right
296.751995689644,606877581711524_right,606877581711524_right,-7.29935961305092,112.748935818672,1,,data/mapillary_images_new/rLKfngGP2QWN4z7hej1FIu/right
281.041446704671,1717641782136247_right,1717641782136247_right,-7.30253620536733,112.7518004179,1,my_hood,data/mapillary_images_new/VhRsvgX03frqbokEC81T76/right
261.804337602812,1359067498427179_right,1359067498427179_right,-7.30116340944645,112.74992287159,1,my_hood,data/mapillary_images_new/Qycm8N0gHbjkBZCtdxMoY3/right
166.863182886695,979935290660406_right,979935290660406_right,-7.30413779528099,112.748404741287,1,,data/mapillary_images_new/KEYQ7cuxoq089kXALyJD6R/right
291.010082656845,1667040520864177_right,1667040520864177_right,-7.30059407036693,112.751483917236,1,my_hood,data/mapillary_images_new/Qycm8N0gHbjkBZCtdxMoY3/right
187.70298815571,1161950708824657_right,1161950708824657_right,-7.29972675803968,112.750743627548,1,my_hood,data/mapillary_images_new/VhRsvgX03frqbokEC81T76/right
278.195658267206,1503466293662255_right,1503466293662255_right,-7.30096653526728,112.753238081932,1,my_hood,data/mapillary_images_new/Qycm8N0gHbjkBZCtdxMoY3/right
284.146415868756,9223011344417871_right,9223011344417871_right,-7.30193494255636,112.752846479416,1,my_hood,data/mapillary_images_new/Qycm8N0gHbjkBZCtdxMoY3/right
18.2954482582998,977820904247819_right,977820904247819_right,-7.30166889680676,112.754874229431,1,my_hood,data/mapillary_images_new/Qycm8N0gHbjkBZCtdxMoY3/right
286.988337059589,1754103258711531_right,1754103258711531_right,-7.30221162996803,112.753940820694,1,my_hood,data/mapillary_images_new/Qycm8N0gHbjkBZCtdxMoY3/right
105.048003411026,446797115169133_right,446797115169133_right,-7.30257345170955,112.753554582596,1,my_hood,data/mapillary_images_new/Qycm8N0gHbjkBZCtdxMoY3/right
119.946393933769,9296076033776416_right,9296076033776416_right,-7.30411651173172,112.748388648033,1,,data/mapillary_images_new/KEYQ7cuxoq089kXALyJD6R/right
204.838706950632,815136030728348_right,815136030728348_right,-7.29917337997043,112.750153541565,1,,data/mapillary_images_new/VhRsvgX03frqbokEC81T76/right
17.6834348982571,8627048880756076_right,8627048880756076_right,-7.30145073917397,112.754922509193,1,my_hood,data/mapillary_images_new/Qycm8N0gHbjkBZCtdxMoY3/right
272.0621141365,1088270429703255_right,1088270429703255_right,-7.30121661866916,112.754514813423,1,my_hood,data/mapillary_images_new/Qycm8N0gHbjkBZCtdxMoY3/right
280.387273982611,1358908231795403_right,1358908231795403_right,-7.30195622620948,112.752900123596,1,my_hood,data/mapillary_images_new/Qycm8N0gHbjkBZCtdxMoY3/right
102.190674917376,1163771751785970_right,1163771751785970_right,-7.30099313989115,112.751199603081,1,my_hood,data/mapillary_images_new/VhRsvgX03frqbokEC81T76/right
106.631890143058,1099196448202634_right,1099196448202634_right,-7.30228612270345,112.749166488647,1,my_hood,data/mapillary_images_new/VhRsvgX03frqbokEC81T76/right
106.069125255715,948548943920432_right,948548943920432_right,-7.30373872856349,112.751467823982,1,,data/mapillary_images_new/wmL9oX1AljUsix742F0cZf/right
189.92847092744,1787841365360854_right,1787841365360854_right,-7.30041847966345,112.750647068024,1,my_hood,data/mapillary_images_new/VhRsvgX03frqbokEC81T76/right
290.709855249636,1071371228097822_right,1071371228097822_right,-7.30079094471004,112.752438783646,1,my_hood,data/mapillary_images_new/Qycm8N0gHbjkBZCtdxMoY3/right
19.2940062130291,1650720572532186_right,1650720572532186_right,-7.30359506445797,112.749740481377,1,,data/mapillary_images_new/VW2hY8wcJ3e4PDUjQivLGd/right
107.057873923375,9055073864600645_right,9055073864600645_right,-7.30091332601479,112.75068461895,1,my_hood,data/mapillary_images_new/Qycm8N0gHbjkBZCtdxMoY3/right
287.374054317283,582742501402746_right,582742501402746_right,-7.30409522818144,112.750775814056,1,,data/mapillary_images_new/VW2hY8wcJ3e4PDUjQivLGd/right
281.39999354581,1168006541534859_right,1168006541534859_right,-7.30198283077448,112.753012776375,1,my_hood,data/mapillary_images_new/Qycm8N0gHbjkBZCtdxMoY3/right
203.458556284741,1600741067229540_right,1600741067229540_right,-7.30129111157035,112.74921476841,1,my_hood,data/mapillary_images_new/VhRsvgX03frqbokEC81T76/right
357.848326650905,1121364379500428_right,1121364379500428_right,-7.30369616142592,112.750191092491,1,,data/mapillary_images_new/VW2hY8wcJ3e4PDUjQivLGd/right
204.447373712181,1334011091305325_right,1334011091305325_right,-7.30081754934436,112.749407887459,1,my_hood,data/mapillary_images_new/VhRsvgX03frqbokEC81T76/right
291.7008439054,598508132662259_right,598508132662259_right,-7.30319599725598,112.749128937721,1,,data/mapillary_images_new/KEYQ7cuxoq089kXALyJD6R/right
102.07117595482,948382590081549_right,948382590081549_right,-7.30137092537929,112.753082513809,1,my_hood,data/mapillary_images_new/Qycm8N0gHbjkBZCtdxMoY3/right
282.627995292282,590963870333689_right,590963870333689_right,-7.3027703251812,112.752647995949,1,my_hood,data/mapillary_images_new/VhRsvgX03frqbokEC81T76/right
288.575402356846,1348058986557186_right,1348058986557186_right,-7.30273307885537,112.75250852108,1,my_hood,data/mapillary_images_new/VhRsvgX03frqbokEC81T76/right
282.627968338829,2771452439723472_right,2771452439723472_right,-7.30178595695608,112.752218842506,1,my_hood,data/mapillary_images_new/Qycm8N0gHbjkBZCtdxMoY3/right
101.39997935655,3605486383075814_right,3605486383075814_right,-7.3013975299791,112.75318980217,1,my_hood,data/mapillary_images_new/Qycm8N0gHbjkBZCtdxMoY3/right
104.146433887427,1119125463130014_right,1119125463130014_right,-7.30250960083526,112.753313183784,1,my_hood,data/mapillary_images_new/Qycm8N0gHbjkBZCtdxMoY3/right
287.659939342023,1638929083367040_right,1638929083367040_right,-7.30062067501295,112.751559019089,1,my_hood,data/mapillary_images_new/Qycm8N0gHbjkBZCtdxMoY3/right
282.6279189041,1126083915152955_right,1126083915152955_right,-7.29997152119807,112.750555872917,1,my_hood,data/mapillary_images_new/VhRsvgX03frqbokEC81T76/right
282.628016071697,585872390723611_right,585872390723611_right,-7.30352589283514,112.749708294868,1,,data/mapillary_images_new/VW2hY8wcJ3e4PDUjQivLGd/right
97.1826923710053,1303653727337030_right,1303653727337030_right,-7.30360570624515,112.754230499268,1,my_hood,data/mapillary_images_new/VhRsvgX03frqbokEC81T76/right
101.041426216551,573444955532480_right,573444955532480_right,-7.30166889680676,112.754514813423,1,my_hood,data/mapillary_images_new/Qycm8N0gHbjkBZCtdxMoY3/right
114.620032248927,3563319850634654_right,3563319850634654_right,-7.29884348118036,112.748844623566,1,,data/mapillary_images_new/rLKfngGP2QWN4z7hej1FIu/right
303.905856747839,955196316519879_right,955196316519879_right,-7.30396752685844,112.750502228737,1,,data/mapillary_images_new/VW2hY8wcJ3e4PDUjQivLGd/right
107.727349925348,1255185005784749_right,1255185005784749_right,-7.30352589283514,112.750614881516,1,,data/mapillary_images_new/wmL9oX1AljUsix742F0cZf/right
99.7664104569928,616057230870931_right,616057230870931_right,-7.29848165642116,112.755233645439,1,,data/mapillary_images_new/t7ONjKynz6e5I4fvDqAYBW/right
13.0312003841416,632438085784294_right,632438085784294_right,-7.30038123314174,112.75141954422,1,my_hood,data/mapillary_images_new/Qycm8N0gHbjkBZCtdxMoY3/right
276.391592727353,1247661817038311_right,1247661817038311_right,-7.30122726051296,112.754600644112,1,my_hood,data/mapillary_images_new/Qycm8N0gHbjkBZCtdxMoY3/right
106.069138215526,1092919389234606_right,1092919389234606_right,-7.30412183261913,112.752894759178,1,,data/mapillary_images_new/wmL9oX1AljUsix742F0cZf/right
22.2163960641196,2433287423676735_right,2433287423676735_right,-7.30089736323781,112.75000333786,1,my_hood,data/mapillary_images_new/Qycm8N0gHbjkBZCtdxMoY3/right
103.734213801286,1033096775173424_right,1033096775173424_right,-7.30211585357567,112.7518004179,1,my_hood,data/mapillary_images_new/Qycm8N0gHbjkBZCtdxMoY3/right
2.98841789723559,581802194577246_right,581802194577246_right,-7.29899246776083,112.751478552818,1,,data/mapillary_images_new/Qycm8N0gHbjkBZCtdxMoY3/right
105.241994299728,943244491094198_right,943244491094198_right,-7.30380257926224,112.751693129539,1,,data/mapillary_images_new/wmL9oX1AljUsix742F0cZf/right
108.57533602649,975844724403905_right,975844724403905_right,-7.30101442358911,112.751381993294,1,my_hood,data/mapillary_images_new/Qycm8N0gHbjkBZCtdxMoY3/right
105.644908990539,9161525600570186_right,9161525600570186_right,-7.30381322104448,112.75171995163,1,,data/mapillary_images_new/wmL9oX1AljUsix742F0cZf/right
109.586924917344,1126747255522959_right,1126747255522959_right,-7.30190833798854,112.751044034958,1,my_hood,data/mapillary_images_new/Qycm8N0gHbjkBZCtdxMoY3/right
278.195680004348,1806991940129337_right,1806991940129337_right,-7.30217438359566,112.753806710243,1,my_hood,data/mapillary_images_new/Qycm8N0gHbjkBZCtdxMoY3/right
285.71406096518,3957449717811516_right,3957449717811516_right,-7.30298316126925,112.748372554779,1,,data/mapillary_images_new/KEYQ7cuxoq089kXALyJD6R/right
103.498068422583,551888084477239_right,551888084477239_right,-7.30409522818144,112.748308181763,1,,data/mapillary_images_new/KEYQ7cuxoq089kXALyJD6R/right
44.766780738052,1749399949216963_right,1749399949216963_right,-7.30107295375326,112.749928236008,1,my_hood,data/mapillary_images_new/Qycm8N0gHbjkBZCtdxMoY3/right
285.373975864313,587268720709459_right,587268720709459_right,-7.30218502541666,112.750443220139,1,my_hood,data/mapillary_images_new/VhRsvgX03frqbokEC81T76/right
103.498018635718,3608217012806676_right,3608217012806676_right,-7.30238189905934,112.749601006508,1,my_hood,data/mapillary_images_new/VhRsvgX03frqbokEC81T76/right
105.373932555621,1020626629889933_right,1020626629889933_right,-7.30084947490344,112.750443220139,1,my_hood,data/mapillary_images_new/Qycm8N0gHbjkBZCtdxMoY3/right
109.238127241648,1739235846925775_right,1739235846925775_right,-7.300785623783,112.750228643417,1,my_hood,data/mapillary_images_new/Qycm8N0gHbjkBZCtdxMoY3/right
289.435998092929,567345176100483_right,567345176100483_right,-7.30230740633988,112.750872373581,1,my_hood,data/mapillary_images_new/VhRsvgX03frqbokEC81T76/right
100.387270760135,1658731711719528_right,1658731711719528_right,-7.30179659878632,112.750673890114,1,my_hood,data/mapillary_images_new/Qycm8N0gHbjkBZCtdxMoY3/right
107.66004249302,1741057786742888_right,1741057786742888_right,-7.3033875495574,112.750148177147,1,,data/mapillary_images_new/wmL9oX1AljUsix742F0cZf/right
292.644738564793,581056628044527_right,581056628044527_right,-7.30184448701927,112.752433419228,1,my_hood,data/mapillary_images_new/Qycm8N0gHbjkBZCtdxMoY3/right
285.373954485106,1124794088725461_right,1124794088725461_right,-7.30153055295442,112.751280069351,1,my_hood,data/mapillary_images_new/Qycm8N0gHbjkBZCtdxMoY3/right
111.962660362823,942479034182409_right,942479034182409_right,-7.29957777170375,112.74823307991,1,,data/mapillary_images_new/2WwrcMRsN6phxTSEt0yeKb/right
283.778872520951,1350446756334462_right,1350446756334462_right,-7.30296719856615,112.753479480743,1,my_hood,data/mapillary_images_new/VhRsvgX03frqbokEC81T76/right
108.141831817206,921813753429370_right,921813753429370_right,-7.30386642995185,112.751913070679,1,,data/mapillary_images_new/wmL9oX1AljUsix742F0cZf/right
284.583609212331,1288260365652044_right,1288260365652044_right,-7.30286078053101,112.753034234047,1,my_hood,data/mapillary_images_new/VhRsvgX03frqbokEC81T76/right
10.2229999730349,2034530173659660_right,2034530173659660_right,-7.30394092241154,112.749563455582,1,,data/mapillary_images_new/wmL9oX1AljUsix742F0cZf/right
279.53829300363,585731244199084_right,585731244199084_right,-7.30295655676379,112.753425836563,1,my_hood,data/mapillary_images_new/VhRsvgX03frqbokEC81T76/right
280.575310466841,1702700407256066_right,1702700407256066_right,-7.30111552114056,112.753956913948,1,my_hood,data/mapillary_images_new/Qycm8N0gHbjkBZCtdxMoY3/right
282.436813717395,612792294470568_right,612792294470568_right,-7.30072709358123,112.752138376236,1,my_hood,data/mapillary_images_new/Qycm8N0gHbjkBZCtdxMoY3/right
101.091279164989,1634098700519314_right,1634098700519314_right,-7.30166357589015,112.754487991333,1,my_hood,data/mapillary_images_new/Qycm8N0gHbjkBZCtdxMoY3/right
100.088113626216,1115027800266103_right,1115027800266103_right,-7.30106763282956,112.751655578613,1,my_hood,data/mapillary_images_new/Qycm8N0gHbjkBZCtdxMoY3/right
280.704511494037,9059664410784568_right,9059664410784568_right,-7.30308957927528,112.75400519371,1,my_hood,data/mapillary_images_new/VhRsvgX03frqbokEC81T76/right
282.905379104129,1265247271439786_right,1265247271439786_right,-7.29889136972949,112.750550508499,1,,data/mapillary_images_new/rLKfngGP2QWN4z7hej1FIu/right
287.955206353217,9491893890823463_right,9491893890823463_right,-7.30050361455859,112.750926017761,1,my_hood,data/mapillary_images_new/VhRsvgX03frqbokEC81T76/right
286.069066425424,587338740697019_right,587338740697019_right,-7.30203071898747,112.7498960495,1,my_hood,data/mapillary_images_new/VhRsvgX03frqbokEC81T76/right
207.361823288564,2350435328634471_right,2350435328634471_right,-7.30381854193548,112.749590277672,1,,data/mapillary_images_new/VW2hY8wcJ3e4PDUjQivLGd/right
11.2205904318185,480765604815157_right,480765604815157_right,-7.30016307488079,112.751467823982,1,my_hood,data/mapillary_images_new/Qycm8N0gHbjkBZCtdxMoY3/right
106.069081221009,23879917668259156_right,23879917668259156_right,-7.30245107085916,112.749842405319,1,my_hood,data/mapillary_images_new/VhRsvgX03frqbokEC81T76/right
253.171831879598,1799580137511884_right,1799580137511884_right,-7.3041005490691,112.750067710876,1,,data/mapillary_images_new/wmL9oX1AljUsix742F0cZf/right
277.916719252812,1000318612123604_right,1000318612123604_right,-7.30234465270115,112.754525542259,1,my_hood,data/mapillary_images_new/Qycm8N0gHbjkBZCtdxMoY3/right
106.828140127186,1139330843799702_right,1139330843799702_right,-7.30331837790246,112.749901413918,1,,data/mapillary_images_new/wmL9oX1AljUsix742F0cZf/right
27.9847116129079,940260301385279_right,940260301385279_right,-7.30404734018958,112.749531269073,1,,data/mapillary_images_new/wmL9oX1AljUsix742F0cZf/right
208.414819947622,1135386168104051_right,1135386168104051_right,-7.30084415397708,112.749391794205,1,my_hood,data/mapillary_images_new/VhRsvgX03frqbokEC81T76/right
279.860833853495,1136693407850120_right,1136693407850120_right,-7.30232336906651,112.754418253899,1,my_hood,data/mapillary_images_new/Qycm8N0gHbjkBZCtdxMoY3/right
296.752210215092,1149971316652174_right,1149971316652174_right,-7.3035312137296,112.749735116959,1,,data/mapillary_images_new/VW2hY8wcJ3e4PDUjQivLGd/right
275.756960702966,1128277878803427_right,1128277878803427_right,-7.30110487929412,112.75389790535,1,my_hood,data/mapillary_images_new/Qycm8N0gHbjkBZCtdxMoY3/right
99.163336446993,1751912498721577_right,1751912498721577_right,-7.30151991111785,112.753795981407,1,my_hood,data/mapillary_images_new/Qycm8N0gHbjkBZCtdxMoY3/right
108.575426472412,582752197702895_right,582752197702895_right,-7.30335030328298,112.753280997276,1,my_hood,data/mapillary_images_new/VhRsvgX03frqbokEC81T76/right
74.3551673870081,1371064297219674_right,1371064297219674_right,-7.30153055295442,112.749708294868,1,my_hood,data/mapillary_images_new/Qycm8N0gHbjkBZCtdxMoY3/right
192.430371596551,3986696104948543_right,3986696104948543_right,-7.30192962164293,112.749005556107,1,my_hood,data/mapillary_images_new/VhRsvgX03frqbokEC81T76/right
100.575251027444,558584380488258_right,558584380488258_right,-7.29852422405509,112.755571603775,1,,data/mapillary_images_new/t7ONjKynz6e5I4fvDqAYBW/right
122.682726271422,1126665918921643_right,1126665918921643_right,-7.29934365021849,112.750153541565,1,,data/mapillary_images_new/VhRsvgX03frqbokEC81T76/right
10.7992908485439,1537792813589056_right,1537792813589056_right,-7.30364827339132,112.749724388123,1,,data/mapillary_images_new/VW2hY8wcJ3e4PDUjQivLGd/right
281.782316671995,1397711981386932_right,1397711981386932_right,-7.30329709431417,112.749482989311,1,,data/mapillary_images_new/VW2hY8wcJ3e4PDUjQivLGd/right
15.4041553464964,617232474186333_right,617232474186333_right,-7.30376001213075,112.749423980713,1,,data/mapillary_images_new/KEYQ7cuxoq089kXALyJD6R/right
107.880568006401,634261272264789_right,634261272264789_right,-7.30239786178332,112.749654650688,1,my_hood,data/mapillary_images_new/VhRsvgX03frqbokEC81T76/right
347.788851398114,1142053557589365_right,1142053557589365_right,-7.3041271535065,112.749504446983,1,,data/mapillary_images_new/wmL9oX1AljUsix742F0cZf/right
192.242093314327,474029142383692_right,474029142383692_right,-7.30024820982455,112.750679254532,1,my_hood,data/mapillary_images_new/VhRsvgX03frqbokEC81T76/right
104.146437883967,877042554340156_right,877042554340156_right,-7.30264262347974,112.753860354424,1,my_hood,data/mapillary_images_new/Qycm8N0gHbjkBZCtdxMoY3/right
98.952116043894,3847399468906311_right,3847399468906311_right,-7.30286610143337,112.7514731884,1,my_hood,data/mapillary_images_new/VhRsvgX03frqbokEC81T76/right
283.734221336829,947303906891664_right,947303906891664_right,-7.30238189905934,112.751172780991,1,my_hood,data/mapillary_images_new/VhRsvgX03frqbokEC81T76/right
12.1682474733132,594984259895972_right,594984259895972_right,-7.30332369879937,112.754423618317,1,my_hood,data/mapillary_images_new/VhRsvgX03frqbokEC81T76/right
106.06908366565,613657484502356_right,613657484502356_right,-7.3025255635547,112.750083804131,1,my_hood,data/mapillary_images_new/VhRsvgX03frqbokEC81T76/right
7.06781258710839,488153663875414_right,488153663875414_right,-7.30241382450674,112.75465965271,1,my_hood,data/mapillary_images_new/Qycm8N0gHbjkBZCtdxMoY3/right
104.648127453067,8506183262821171_right,8506183262821171_right,-7.29963098111513,112.748394012451,1,,data/mapillary_images_new/2WwrcMRsN6phxTSEt0yeKb/right
104.146458052442,9419921934704641_right,9419921934704641_right,-7.30330773610844,112.753141522408,1,my_hood,data/mapillary_images_new/VhRsvgX03frqbokEC81T76/right
290.475572193454,586706600753080_right,586706600753080_right,-7.3022169508781,112.750604152679,1,my_hood,data/mapillary_images_new/VhRsvgX03frqbokEC81T76/right
284.735270416952,593979400083913_right,593979400083913_right,-7.30308425837558,112.748726606369,1,,data/mapillary_images_new/VW2hY8wcJ3e4PDUjQivLGd/right
243.248012197213,498259689414531_right,498259689414531_right,-7.29919998470096,112.748254537582,1,,data/mapillary_images_new/rLKfngGP2QWN4z7hej1FIu/right
282.071215630302,439629919086093_right,439629919086093_right,-7.3029033477481,112.753232717514,1,my_hood,data/mapillary_images_new/VhRsvgX03frqbokEC81T76/right
99.04476681179,563043496542649_right,563043496542649_right,-7.30124322327815,112.752460241318,1,my_hood,data/mapillary_images_new/Qycm8N0gHbjkBZCtdxMoY3/right
282.976724599622,513187561115066_right,513187561115066_right,-7.30209989084162,112.753506302834,1,my_hood,data/mapillary_images_new/Qycm8N0gHbjkBZCtdxMoY3/right
104.533753992494,613494924466951_right,613494924466951_right,-7.30348332567732,112.753710150719,1,my_hood,data/mapillary_images_new/VhRsvgX03frqbokEC81T76/right
201.640912784846,1572999283339993_right,1572999283339993_right,-7.30398348952581,112.750105261803,1,,data/mapillary_images_new/VW2hY8wcJ3e4PDUjQivLGd/right
99.860748198928,1722138151662739_right,1722138151662739_right,-7.29833799062679,112.754235863686,1,,data/mapillary_images_new/t7ONjKynz6e5I4fvDqAYBW/right
105.374002977227,1272051373910356_right,1272051373910356_right,-7.30299912397177,112.751961350441,1,my_hood,data/mapillary_images_new/VhRsvgX03frqbokEC81T76/right
24.0536291066011,3719918631632131_right,3719918631632131_right,-7.30179659878632,112.749579548836,1,my_hood,data/mapillary_images_new/Qycm8N0gHbjkBZCtdxMoY3/right
102.43686279392,947034756922278_right,947034756922278_right,-7.30253088446105,112.753393650055,1,my_hood,data/mapillary_images_new/Qycm8N0gHbjkBZCtdxMoY3/right
97.6559644914579,1268858991109482_right,1268858991109482_right,-7.29954052511202,112.750593423843,1,my_hood,data/mapillary_images_new/VhRsvgX03frqbokEC81T76/right
100.575251185822,1204254934485300_right,1204254934485300_right,-7.29853486596292,112.755630612373,1,,data/mapillary_images_new/t7ONjKynz6e5I4fvDqAYBW/right
294.320174385993,2022876084851908_right,2022876084851908_right,-7.30216906268508,112.75038421154,1,my_hood,data/mapillary_images_new/VhRsvgX03frqbokEC81T76/right
9.38692467896743,464495053116913_right,464495053116913_right,-7.30343543761992,112.749482989311,1,,data/mapillary_images_new/KEYQ7cuxoq089kXALyJD6R/right
105.0478851395,615042894369543_right,615042894369543_right,-7.29889136972949,112.749005556107,1,,data/mapillary_images_new/rLKfngGP2QWN4z7hej1FIu/right
259.911934235517,937830751340367_right,937830751340367_right,-7.29891265352747,112.750968933105,1,,data/mapillary_images_new/rLKfngGP2QWN4z7hej1FIu/right
278.952106722466,1785497952225891_right,1785497952225891_right,-7.30240850359898,112.751280069351,1,my_hood,data/mapillary_images_new/VhRsvgX03frqbokEC81T76/right
283.497992055556,1765603910938665_right,1765603910938665_right,-7.30147734376904,112.75106549263,1,my_hood,data/mapillary_images_new/Qycm8N0gHbjkBZCtdxMoY3/right
111.962796142144,1181547406723324_right,1181547406723324_right,-7.30263730257471,112.750577330589,1,my_hood,data/mapillary_images_new/VhRsvgX03frqbokEC81T76/right
287.234325422238,504674969300294_right,504674969300294_right,-7.30232868997527,112.750952839851,1,my_hood,data/mapillary_images_new/VhRsvgX03frqbokEC81T76/right
291.731345428825,3974738172791367_right,3974738172791367_right,-7.30296719856615,112.748372554779,1,,data/mapillary_images_new/VW2hY8wcJ3e4PDUjQivLGd/right
284.583597907545,1124836792623679_right,1124836792623679_right,-7.302498959022,112.751639485359,1,my_hood,data/mapillary_images_new/VhRsvgX03frqbokEC81T76/right
105.763767994401,636857968929657_right,636857968929657_right,-7.3007749819287,112.750201821327,1,my_hood,data/mapillary_images_new/Qycm8N0gHbjkBZCtdxMoY3/right
281.782250764593,9790393704307236_right,9790393704307236_right,-7.30072177265343,112.752111554146,1,my_hood,data/mapillary_images_new/Qycm8N0gHbjkBZCtdxMoY3/right
113.001087259818,1636469237244032_right,1636469237244032_right,-7.30402073574744,112.75253534317,1,,data/mapillary_images_new/wmL9oX1AljUsix742F0cZf/right
3.54738960934958,2419939711672760_right,2419939711672760_right,-7.3039515641905,112.749354243279,1,,data/mapillary_images_new/GfnECFq1P5zs8ldBytcZSH/right
104.648165494686,2884639415167869_right,2884639415167869_right,-7.30084415397708,112.750416398048,1,my_hood,data/mapillary_images_new/Qycm8N0gHbjkBZCtdxMoY3/right
278.195662779431,614815457772380_right,614815457772380_right,-7.30121661866916,112.754541635513,1,my_hood,data/mapillary_images_new/Qycm8N0gHbjkBZCtdxMoY3/right
103.677132785117,8927301890672397_right,8927301890672397_right,-7.29838055827437,112.754520177841,1,,data/mapillary_images_new/t7ONjKynz6e5I4fvDqAYBW/right
292.785995067351,1141489237390812_right,1141489237390812_right,-7.30225419724694,112.75071144104,1,my_hood,data/mapillary_images_new/VhRsvgX03frqbokEC81T76/right
103.097220443822,1781699805930973_right,1781699805930973_right,-7.30214777904207,112.751939892769,1,my_hood,data/mapillary_images_new/Qycm8N0gHbjkBZCtdxMoY3/right
353.710789703325,615258097828983_right,615258097828983_right,-7.30028545635734,112.750695347786,1,my_hood,data/mapillary_images_new/VhRsvgX03frqbokEC81T76/right
13.9268749821588,1268834514330976_right,1268834514330976_right,-7.30142413457732,112.754933238029,1,my_hood,data/mapillary_images_new/Qycm8N0gHbjkBZCtdxMoY3/right
106.314594601919,899052208965757_right,899052208965757_right,-7.30297784036827,112.751880884171,1,my_hood,data/mapillary_images_new/VhRsvgX03frqbokEC81T76/right
98.816544762905,1268869954422633_right,1268869954422633_right,-7.30148798560661,112.753635048866,1,my_hood,data/mapillary_images_new/Qycm8N0gHbjkBZCtdxMoY3/right
106.516320599788,1524036068428179_right,1524036068428179_right,-7.30337690776503,112.750121355057,1,,data/mapillary_images_new/wmL9oX1AljUsix742F0cZf/right
277.182684919847,607838285154667_right,607838285154667_right,-7.30315875096561,112.754284143448,1,my_hood,data/mapillary_images_new/VhRsvgX03frqbokEC81T76/right
205.459530756199,1283305746209205_right,1283305746209205_right,-7.30048765176699,112.74954199791,1,my_hood,data/mapillary_images_new/VhRsvgX03frqbokEC81T76/right
206.378993406706,935886894877726_right,935886894877726_right,-7.2998278558822,112.749869227409,1,my_hood,data/mapillary_images_new/VhRsvgX03frqbokEC81T76/right
100.575368263991,1504305996886187_right,1504305996886187_right,-7.30360038535159,112.754203677177,1,my_hood,data/mapillary_images_new/VhRsvgX03frqbokEC81T76/right
286.069057012707,946827913582908_right,946827913582908_right,-7.30175403146386,112.752079367638,1,my_hood,data/mapillary_images_new/Qycm8N0gHbjkBZCtdxMoY3/right
274.434506815729,455742040729017_right,455742040729017_right,-7.29990766995228,112.750282287598,1,my_hood,data/mapillary_images_new/VhRsvgX03frqbokEC81T76/right
285.830656201968,1138826471106509_right,1138826471106509_right,-7.3018072406163,112.752299308777,1,my_hood,data/mapillary_images_new/Qycm8N0gHbjkBZCtdxMoY3/right
285.763761419087,1637667023768827_right,1637667023768827_right,-7.30058874943752,112.751199603081,1,my_hood,data/mapillary_images_new/VhRsvgX03frqbokEC81T76/right
20.4030588321621,551105264585216_right,551105264585216_right,-7.30356845998892,112.749751210213,1,,data/mapillary_images_new/VW2hY8wcJ3e4PDUjQivLGd/right
117.744427661435,948264473426376_right,948264473426376_right,-7.29880623452748,112.748737335205,1,,data/mapillary_images_new/rLKfngGP2QWN4z7hej1FIu/right
114.480120703015,586173777506444_right,586173777506444_right,-7.30383450460818,112.7518004179,1,,data/mapillary_images_new/wmL9oX1AljUsix742F0cZf/right
356.46485298741,1162664695485294_right,1162664695485294_right,-7.30379725837102,112.749665379524,1,,data/mapillary_images_new/VW2hY8wcJ3e4PDUjQivLGd/right
26.3787869538731,1831744244335719_right,1831744244335719_right,-7.30386642995185,112.749397158623,1,,data/mapillary_images_new/KEYQ7cuxoq089kXALyJD6R/right
291.96268504872,628802249536981_right,628802249536981_right,-7.30014711207703,112.74856030941,1,,data/mapillary_images_new/2WwrcMRsN6phxTSEt0yeKb/right
111.408572377772,563855339825715_right,563855339825715_right,-7.30171678505337,112.750319838524,1,my_hood,data/mapillary_images_new/Qycm8N0gHbjkBZCtdxMoY3/right
289.435966079798,8767798253267760_right,8767798253267760_right,-7.30150926928101,112.751199603081,1,my_hood,data/mapillary_images_new/Qycm8N0gHbjkBZCtdxMoY3/right
105.373978758623,1715081302396298_right,1715081302396298_right,-7.3022595181565,112.749053835869,1,my_hood,data/mapillary_images_new/VhRsvgX03frqbokEC81T76/right
282.436814838697,1265283814775904_right,1265283814775904_right,-7.30076434007415,112.752326130867,1,my_hood,data/mapillary_images_new/Qycm8N0gHbjkBZCtdxMoY3/right
0,1875335326572268_right,1875335326572268_right,-7.30372808677947,112.750191092491,1,,data/mapillary_images_new/VW2hY8wcJ3e4PDUjQivLGd/right
103.237675884973,611182961368495_right,611182961368495_right,-7.30312150467213,112.75242805481,1,my_hood,data/mapillary_images_new/VhRsvgX03frqbokEC81T76/right
207.21746281434,927634009437332_right,927634009437332_right,-7.3000832608563,112.749740481377,1,my_hood,data/mapillary_images_new/VhRsvgX03frqbokEC81T76/right
83.2358228977461,2284046791980343_right,2284046791980343_right,-7.30099313989115,112.751301527023,1,my_hood,data/mapillary_images_new/Qycm8N0gHbjkBZCtdxMoY3/right
294.402914408091,941661951284695_right,941661951284695_right,-7.30408458640591,112.750748991966,1,,data/mapillary_images_new/VW2hY8wcJ3e4PDUjQivLGd/right
208.414871801739,1365504071495078_right,1365504071495078_right,-7.29987574432596,112.749842405319,1,my_hood,data/mapillary_images_new/VhRsvgX03frqbokEC81T76/right
278.433326790687,1118563749462428_right,1118563749462428_right,-7.30299912397177,112.753592133522,1,my_hood,data/mapillary_images_new/VhRsvgX03frqbokEC81T76/right
109.068304163024,512553391196295_right,512553391196295_right,-7.30352589283514,112.753903269768,1,my_hood,data/mapillary_images_new/VhRsvgX03frqbokEC81T76/right
267.114218380432,1003925978446128_right,1003925978446128_right,-7.30382386282645,112.749783396721,1,,data/mapillary_images_new/VW2hY8wcJ3e4PDUjQivLGd/right
282.071138235554,1313876152951618_right,1313876152951618_right,-7.29995023745049,112.750475406647,1,my_hood,data/mapillary_images_new/VhRsvgX03frqbokEC81T76/right
107.581147203887,910890461198445_right,910890461198445_right,-7.30362698981875,112.751027941704,1,,data/mapillary_images_new/wmL9oX1AljUsix742F0cZf/right
15.1371103754581,1501943617144584_right,1501943617144584_right,-7.30161568763785,112.749643921852,1,my_hood,data/mapillary_images_new/Qycm8N0gHbjkBZCtdxMoY3/right
107.234373472549,628810529495614_right,628810529495614_right,-7.30365359428431,112.751135230064,1,,data/mapillary_images_new/wmL9oX1AljUsix742F0cZf/right
283.237661307348,482305291548801_right,482305291548801_right,-7.30262133985929,112.752133011818,1,my_hood,data/mapillary_images_new/VhRsvgX03frqbokEC81T76/right
282.190672486507,595021779811064_right,595021779811064_right,-7.30091332601479,112.753050327301,1,my_hood,data/mapillary_images_new/Qycm8N0gHbjkBZCtdxMoY3/right
105.048031921976,1128662411982218_right,1128662411982218_right,-7.30346204209688,112.753629684448,1,my_hood,data/mapillary_images_new/VhRsvgX03frqbokEC81T76/right
279.538244707743,1511912896138267_right,1511912896138267_right,-7.3006472796574,112.751752138138,1,my_hood,data/mapillary_images_new/Qycm8N0gHbjkBZCtdxMoY3/right
98.8164873745187,3997838097167763_right,3997838097167763_right,-7.29852954500903,112.755603790283,1,,data/mapillary_images_new/t7ONjKynz6e5I4fvDqAYBW/right
288.575416789825,1766947604103209_right,1766947604103209_right,-7.30311086287344,112.754091024399,1,my_hood,data/mapillary_images_new/VhRsvgX03frqbokEC81T76/right
103.734230143382,1632509407698795_right,1632509407698795_right,-7.30266390709919,112.753940820694,1,my_hood,data/mapillary_images_new/Qycm8N0gHbjkBZCtdxMoY3/right
23.7898458529511,2850969045081402_right,2850969045081402_right,-7.30112084206368,112.749901413918,1,my_hood,data/mapillary_images_new/Qycm8N0gHbjkBZCtdxMoY3/right
284.146417787967,1150067960075553_right,1150067960075553_right,-7.30199879351271,112.753066420555,1,my_hood,data/mapillary_images_new/Qycm8N0gHbjkBZCtdxMoY3/right
277.916703819962,1389979189053093_right,1389979189053093_right,-7.3014560600931,112.750979661942,1,my_hood,data/mapillary_images_new/Qycm8N0gHbjkBZCtdxMoY3/right
9.92845951801559,472647999202804_right,472647999202804_right,-7.30093460971653,112.751253247261,1,my_hood,data/mapillary_images_new/VhRsvgX03frqbokEC81T76/right
224.766830760409,953717179475953_right,953717179475953_right,-7.30028545635734,112.74964928627,1,my_hood,data/mapillary_images_new/VhRsvgX03frqbokEC81T76/right
282.905498523309,2829958087173068_right,2829958087173068_right,-7.30317471366186,112.754364609718,1,my_hood,data/mapillary_images_new/VhRsvgX03frqbokEC81T76/right
21.2128208396981,8900325940021584_right,8900325940021584_right,-7.30082287027103,112.750046253204,1,my_hood,data/mapillary_images_new/Qycm8N0gHbjkBZCtdxMoY3/right
19.8336558529621,1358211598921363_right,1358211598921363_right,-7.30378129569699,112.749611735344,1,,data/mapillary_images_new/wmL9oX1AljUsix742F0cZf/right
10.4082975030473,1235426957756178_right,1235426957756178_right,-7.30025885169138,112.750695347786,1,my_hood,data/mapillary_images_new/VhRsvgX03frqbokEC81T76/right
283.734233970574,918660627041742_right,918660627041742_right,-7.30281289240692,112.75280892849,1,my_hood,data/mapillary_images_new/VhRsvgX03frqbokEC81T76/right
280.387252453858,1031558115663563_right,1031558115663563_right,-7.30100378174025,112.753404378891,1,my_hood,data/mapillary_images_new/Qycm8N0gHbjkBZCtdxMoY3/right
114.136140825027,455610357598650_right,455610357598650_right,-7.30246171267358,112.749874591827,1,my_hood,data/mapillary_images_new/VhRsvgX03frqbokEC81T76/right
290.133427018244,950232290385226_right,950232290385226_right,-7.30218502541666,112.753860354424,1,my_hood,data/mapillary_images_new/Qycm8N0gHbjkBZCtdxMoY3/right
283.344908587231,1160473938986460_right,1160473938986460_right,-7.30159972488593,112.751494646072,1,my_hood,data/mapillary_images_new/Qycm8N0gHbjkBZCtdxMoY3/right
204.447369683257,1091538235797808_right,1091538235797808_right,-7.30089736323781,112.749370336533,1,my_hood,data/mapillary_images_new/VhRsvgX03frqbokEC81T76/right
281.400009230575,927088409490642_right,927088409490642_right,-7.30261601895401,112.75210082531,1,my_hood,data/mapillary_images_new/VhRsvgX03frqbokEC81T76/right
289.238142662417,468382596306426_right,468382596306426_right,-7.30117937221391,112.754348516464,1,my_hood,data/mapillary_images_new/Qycm8N0gHbjkBZCtdxMoY3/right
101.400034218654,835408315306645_right,835408315306645_right,-7.30361102713864,112.754262685776,1,my_hood,data/mapillary_images_new/VhRsvgX03frqbokEC81T76/right
110.133411225713,614697991041613_right,614697991041613_right,-7.30180191970136,112.750700712204,1,my_hood,data/mapillary_images_new/Qycm8N0gHbjkBZCtdxMoY3/right
284.146382873454,3486108538356130_right,3486108538356130_right,-7.30084415397708,112.752658724785,1,my_hood,data/mapillary_images_new/Qycm8N0gHbjkBZCtdxMoY3/right
198.295483209651,1669537210574957_right,1669537210574957_right,-7.3007430563643,112.749440073967,1,my_hood,data/mapillary_images_new/VhRsvgX03frqbokEC81T76/right
293.921958234727,950023036555537_right,950023036555537_right,-7.30200943533788,112.749842405319,1,my_hood,data/mapillary_images_new/VhRsvgX03frqbokEC81T76/right
273.845157108274,1146318927052980_right,1146318927052980_right,-7.30090268416353,112.752996683121,1,my_hood,data/mapillary_images_new/Qycm8N0gHbjkBZCtdxMoY3/right
289.23818509531,620766907286362_right,620766907286362_right,-7.30224355542758,112.75068461895,1,my_hood,data/mapillary_images_new/VhRsvgX03frqbokEC81T76/right
290.709794190398,948006033517335_right,948006033517335_right,-7.2993489711627,112.748908996582,1,,data/mapillary_images_new/rLKfngGP2QWN4z7hej1FIu/right
259.911821028467,2279589782413264_right,2279589782413264_right,-7.304026056636,112.750593423843,1,,data/mapillary_images_new/VW2hY8wcJ3e4PDUjQivLGd/right
274.611144947428,8973592269375905_right,8973592269375905_right,-7.30070580986961,112.751998901367,1,my_hood,data/mapillary_images_new/Qycm8N0gHbjkBZCtdxMoY3/right
102.07117036814,948014656932376_right,948014656932376_right,-7.30116340944645,112.75210082531,1,my_hood,data/mapillary_images_new/Qycm8N0gHbjkBZCtdxMoY3/right
104.146458803606,1527545317934985_right,1527545317934985_right,-7.30333434059301,112.749955058098,1,,data/mapillary_images_new/wmL9oX1AljUsix742F0cZf/right
140.423525147828,1140156454386332_right,1140156454386332_right,-7.2989765049153,112.7492415905,1,,data/mapillary_images_new/rLKfngGP2QWN4z7hej1FIu/right
107.785456021442,2359442204419938_right,2359442204419938_right,-7.30411119084425,112.752867937088,1,,data/mapillary_images_new/wmL9oX1AljUsix742F0cZf/right
16.5712422071281,617598487415407_right,617598487415407_right,-7.30274372066307,112.75457918644,1,my_hood,data/mapillary_images_new/Qycm8N0gHbjkBZCtdxMoY3/right
273.205784526266,1267856754435375_right,1267856754435375_right,-7.30328645251964,112.749590277672,1,,data/mapillary_images_new/wmL9oX1AljUsix742F0cZf/right
13.3902760945534,1114688593183272_right,1114688593183272_right,-7.3007430563643,112.751296162605,1,my_hood,data/mapillary_images_new/VhRsvgX03frqbokEC81T76/right
194.815694078241,1289700155684813_right,1289700155684813_right,-7.30123790235649,112.7492415905,1,my_hood,data/mapillary_images_new/VhRsvgX03frqbokEC81T76/right
279.235958959189,589939527155493_right,589939527155493_right,-7.30120597682512,112.754461169243,1,my_hood,data/mapillary_images_new/Qycm8N0gHbjkBZCtdxMoY3/right
106.069032890488,1319015682454282_right,1319015682454282_right,-7.3010303863619,112.75111913681,1,my_hood,data/mapillary_images_new/Qycm8N0gHbjkBZCtdxMoY3/right
282.82498700446,612251904691865_right,612251904691865_right,-7.30273839975926,112.75253534317,1,my_hood,data/mapillary_images_new/VhRsvgX03frqbokEC81T76/right
113.669533320231,1629426834652077_right,1629426834652077_right,-7.29967354863969,112.748528122902,1,,data/mapillary_images_new/2WwrcMRsN6phxTSEt0yeKb/right
280.575282873051,1085836773339049_right,1085836773339049_right,-7.29991831182721,112.750335931778,1,my_hood,data/mapillary_images_new/VhRsvgX03frqbokEC81T76/right
108.575250027164,1284031429504944_right,1284031429504944_right,-7.29879027167529,112.748689055443,1,,data/mapillary_images_new/rLKfngGP2QWN4z7hej1FIu/right
288.575382683411,1279534276677087_right,1279534276677087_right,-7.3022275926981,112.75063097477,1,my_hood,data/mapillary_images_new/VhRsvgX03frqbokEC81T76/right
4.7252131137592,1830649054137531_right,1830649054137531_right,-7.29926915699295,112.751478552818,1,,data/mapillary_images_new/Qycm8N0gHbjkBZCtdxMoY3/right
210.053880985757,613801394355460_right,613801394355460_right,-7.30021096328865,112.749681472778,1,my_hood,data/mapillary_images_new/VhRsvgX03frqbokEC81T76/right
101.399965897146,1970061363476810_right,1970061363476810_right,-7.30085479582974,112.750470042229,1,my_hood,data/mapillary_images_new/Qycm8N0gHbjkBZCtdxMoY3/right
288.575374034481,1502918957039776_right,1502918957039776_right,-7.30200411442533,112.749815583229,1,my_hood,data/mapillary_images_new/VhRsvgX03frqbokEC81T76/right
290.70987602338,1082456553659725_right,1082456553659725_right,-7.30128046972808,112.750325202942,1,my_hood,data/mapillary_images_new/Qycm8N0gHbjkBZCtdxMoY3/right
357.633374270605,612888237898967_right,612888237898967_right,-7.30017371674964,112.750706076622,1,my_hood,data/mapillary_images_new/VhRsvgX03frqbokEC81T76/right
291.08065190853,1273904953872695_right,1273904953872695_right,-7.30292463135513,112.753286361694,1,my_hood,data/mapillary_images_new/VhRsvgX03frqbokEC81T76/right
231.112285660603,966566898666511_right,966566898666511_right,-7.30380257926224,112.74997651577,1,,data/mapillary_images_new/VW2hY8wcJ3e4PDUjQivLGd/right
289.684181969216,905453808039437_right,905453808039437_right,-7.3025255635547,112.75174677372,1,my_hood,data/mapillary_images_new/VhRsvgX03frqbokEC81T76/right
105.047999863404,1130919928696636_right,1130919928696636_right,-7.30246171267358,112.753120064735,1,my_hood,data/mapillary_images_new/Qycm8N0gHbjkBZCtdxMoY3/right
105.763824991891,1071344471341680_right,1071344471341680_right,-7.3024776753947,112.74992287159,1,my_hood,data/mapillary_images_new/VhRsvgX03frqbokEC81T76/right
288.575368604104,626806149699086_right,626806149699086_right,-7.30186044976242,112.752487063408,1,my_hood,data/mapillary_images_new/Qycm8N0gHbjkBZCtdxMoY3/right
119.084419793932,1789985095183975_right,1789985095183975_right,-7.30323324354323,112.752873301506,1,my_hood,data/mapillary_images_new/VhRsvgX03frqbokEC81T76/right
286.631902179866,3540296096264533_right,3540296096264533_right,-7.30263730257471,112.752186655998,1,my_hood,data/mapillary_images_new/VhRsvgX03frqbokEC81T76/right
102.297177031028,9012632055495246_right,9012632055495246_right,-7.30113148390976,112.751961350441,1,my_hood,data/mapillary_images_new/Qycm8N0gHbjkBZCtdxMoY3/right
289.376275891584,1265073991276387_right,1265073991276387_right,-7.3030682956761,112.748672962189,1,,data/mapillary_images_new/VW2hY8wcJ3e4PDUjQivLGd/right
0,1115874953403239_right,1115874953403239_right,-7.29867321074188,112.750293016434,1,,data/mapillary_images_new/rLKfngGP2QWN4z7hej1FIu/right
267.93789602344,1195680751893265_right,1195680751893265_right,-7.29891797447679,112.751301527023,1,,data/mapillary_images_new/Qycm8N0gHbjkBZCtdxMoY3/right
103.734190561031,1142841110762122_right,1142841110762122_right,-7.30132835801631,112.752884030342,1,my_hood,data/mapillary_images_new/Qycm8N0gHbjkBZCtdxMoY3/right
285.185935557298,1126156492332999_right,1126156492332999_right,-7.29925319415729,112.748608589172,1,,data/mapillary_images_new/rLKfngGP2QWN4z7hej1FIu/right
182.988412616688,625293083257465_right,625293083257465_right,-7.29989702807708,112.750743627548,1,my_hood,data/mapillary_images_new/VhRsvgX03frqbokEC81T76/right
289.238091782904,987004266555953_right,987004266555953_right,-7.2999023490147,112.750255465508,1,my_hood,data/mapillary_images_new/VhRsvgX03frqbokEC81T76/right
204.053759435439,1134647398292253_right,1134647398292253_right,-7.29906696103247,112.750180363655,1,,data/mapillary_images_new/VhRsvgX03frqbokEC81T76/right
93.3939124977345,1576481886305659_right,1576481886305659_right,-7.30075369821935,112.750121355057,1,my_hood,data/mapillary_images_new/Qycm8N0gHbjkBZCtdxMoY3/right
289.169846960682,1402194587443526_right,1402194587443526_right,-7.30182320336081,112.752352952957,1,my_hood,data/mapillary_images_new/Qycm8N0gHbjkBZCtdxMoY3/right
350.613077991013,966054225382231_right,966054225382231_right,-7.30354185551829,112.749461531639,1,,data/mapillary_images_new/KEYQ7cuxoq089kXALyJD6R/right
180,1280485356578799_right,1280485356578799_right,-7.29970015334047,112.750743627548,1,my_hood,data/mapillary_images_new/VhRsvgX03frqbokEC81T76/right
275.010155982453,1124254579414349_right,1124254579414349_right,-7.30085479582974,112.752712368965,1,my_hood,data/mapillary_images_new/Qycm8N0gHbjkBZCtdxMoY3/right
108.575443553186,1108600310466500_right,1108600310466500_right,-7.3037866165884,112.751639485359,1,,data/mapillary_images_new/wmL9oX1AljUsix742F0cZf/right
198.295469061335,1099487284806935_right,1099487284806935_right,-7.30110487929412,112.749289870262,1,my_hood,data/mapillary_images_new/VhRsvgX03frqbokEC81T76/right
279.235949654682,908701158109470_right,908701158109470_right,-7.30074837729185,112.752245664597,1,my_hood,data/mapillary_images_new/Qycm8N0gHbjkBZCtdxMoY3/right
280.704474523197,601721232666041_right,601721232666041_right,-7.30150394836251,112.751172780991,1,my_hood,data/mapillary_images_new/Qycm8N0gHbjkBZCtdxMoY3/right
0,617671133940861_right,617671133940861_right,-7.29932768738549,112.751478552818,1,,data/mapillary_images_new/Qycm8N0gHbjkBZCtdxMoY3/right
279.16333050495,1065548791989262_right,1065548791989262_right,-7.30124322327815,112.754681110382,1,my_hood,data/mapillary_images_new/Qycm8N0gHbjkBZCtdxMoY3/right
4.36315480721049,1826267394781789_right,1826267394781789_right,-7.30356845998892,112.749461531639,1,,data/mapillary_images_new/KEYQ7cuxoq089kXALyJD6R/right
106.988375246825,483588351429132_right,483588351429132_right,-7.30325984803224,112.749681472778,1,,data/mapillary_images_new/wmL9oX1AljUsix742F0cZf/right
94.5211413201396,2758210967683592_right,2758210967683592_right,-7.30387175084223,112.751939892769,1,,data/mapillary_images_new/wmL9oX1AljUsix742F0cZf/right
284.461790367937,1294005501796976_right,1294005501796976_right,-7.3031427882688,112.748919725418,1,,data/mapillary_images_new/VW2hY8wcJ3e4PDUjQivLGd/right
26.3789793330881,774385681558005_right,774385681558005_right,-7.3000885817917,112.750716805458,1,my_hood,data/mapillary_images_new/VhRsvgX03frqbokEC81T76/right
106.516275611198,889148103237580_right,889148103237580_right,-7.30209456993015,112.75171995163,1,my_hood,data/mapillary_images_new/Qycm8N0gHbjkBZCtdxMoY3/right
355.947410297166,1264630447973202_right,1264630447973202_right,-7.3023872199674,112.754654288292,1,my_hood,data/mapillary_images_new/Qycm8N0gHbjkBZCtdxMoY3/right
102.4788701697,483065298145039_right,483065298145039_right,-7.30358442267054,112.750834822655,1,,data/mapillary_images_new/wmL9oX1AljUsix742F0cZf/right
280.575310383793,507453931747938_right,507453931747938_right,-7.30111020021737,112.75392472744,1,my_hood,data/mapillary_images_new/Qycm8N0gHbjkBZCtdxMoY3/right
101.091268485587,1262973944969493_right,1262973944969493_right,-7.30122193959109,112.752347588539,1,my_hood,data/mapillary_images_new/Qycm8N0gHbjkBZCtdxMoY3/right
285.185981362079,592904466479984_right,592904466479984_right,-7.3006685633718,112.751859426498,1,my_hood,data/mapillary_images_new/Qycm8N0gHbjkBZCtdxMoY3/right
113.921803048967,1190209069305941_right,1190209069305941_right,-7.29873174121242,112.748442292213,1,,data/mapillary_images_new/rLKfngGP2QWN4z7hej1FIu/right
103.814809478517,427001110379975_right,427001110379975_right,-7.30378129569699,112.751607298851,1,,data/mapillary_images_new/wmL9oX1AljUsix742F0cZf/right
3.86019523661037,1284375976001813_right,1284375976001813_right,-7.30379193747973,112.750169634819,1,,data/mapillary_images_new/VW2hY8wcJ3e4PDUjQivLGd/right
269.999999829887,3892490721068389_right,3892490721068389_right,-7.30114212575558,112.754123210907,1,my_hood,data/mapillary_images_new/Qycm8N0gHbjkBZCtdxMoY3/right
104.146453816401,575337778596251_right,575337778596251_right,-7.30316939276318,112.752594351768,1,my_hood,data/mapillary_images_new/VhRsvgX03frqbokEC81T76/right
111.529402620822,530258440028840_right,530258440028840_right,-7.30156779938041,112.749842405319,1,my_hood,data/mapillary_images_new/Qycm8N0gHbjkBZCtdxMoY3/right
12.7037570296365,865241398881244_right,865241398881244_right,-7.30380790015337,112.749601006508,1,,data/mapillary_images_new/wmL9oX1AljUsix742F0cZf/right
102.780716399233,1060263695857085_right,1060263695857085_right,-7.30366423607009,112.751167416573,1,,data/mapillary_images_new/wmL9oX1AljUsix742F0cZf/right
102.071183364793,949918517048072_right,949918517048072_right,-7.30165825497347,112.754461169243,1,my_hood,data/mapillary_images_new/Qycm8N0gHbjkBZCtdxMoY3/right
108.575454890715,939152891258541_right,939152891258541_right,-7.30408458640591,112.748281359673,1,,data/mapillary_images_new/KEYQ7cuxoq089kXALyJD6R/right
98.4948516606337,577881778289491_right,577881778289491_right,-7.30105699098198,112.751601934433,1,my_hood,data/mapillary_images_new/Qycm8N0gHbjkBZCtdxMoY3/right
207.454556300832,1121557609673630_right,1121557609673630_right,-7.30374937034725,112.750035524368,1,,data/mapillary_images_new/VW2hY8wcJ3e4PDUjQivLGd/right
104.146386715951,1108309280778106_right,1108309280778106_right,-7.30096121434231,112.750877737999,1,my_hood,data/mapillary_images_new/Qycm8N0gHbjkBZCtdxMoY3/right
278.952073687838,1668099904089275_right,1668099904089275_right,-7.30073241450899,112.752165198326,1,my_hood,data/mapillary_images_new/Qycm8N0gHbjkBZCtdxMoY3/right
283.097173318782,913925673817658_right,913925673817658_right,-7.3004929726976,112.750899195671,1,my_hood,data/mapillary_images_new/VhRsvgX03frqbokEC81T76/right
286.828066836311,1666075827451837_right,1666075827451837_right,-7.30126450696422,112.750271558762,1,my_hood,data/mapillary_images_new/Qycm8N0gHbjkBZCtdxMoY3/right
287.330813807693,588379360795100_right,588379360795100_right,-7.30318003456048,112.749064564705,1,,data/mapillary_images_new/VW2hY8wcJ3e4PDUjQivLGd/right
101.158502077464,582675874657741_right,582675874657741_right,-7.30398881041479,112.752390503883,1,,data/mapillary_images_new/wmL9oX1AljUsix742F0cZf/right
304.597908946493,444073475302821_right,444073475302821_right,-7.29881687642862,112.750394940376,1,,data/mapillary_images_new/rLKfngGP2QWN4z7hej1FIu/right
289.802066885804,612143527951601_right,612143527951601_right,-7.30192430072941,112.752819657326,1,my_hood,data/mapillary_images_new/Qycm8N0gHbjkBZCtdxMoY3/right
108.575384547361,1342187603609386_right,1342187603609386_right,-7.30226483906603,112.749086022377,1,my_hood,data/mapillary_images_new/VhRsvgX03frqbokEC81T76/right
98.9521084816554,950839319845996_right,950839319845996_right,-7.3024776753947,112.753173708916,1,my_hood,data/mapillary_images_new/Qycm8N0gHbjkBZCtdxMoY3/right
94.1188750676474,1317391249619988_right,1317391249619988_right,-7.29843376782817,112.754884958267,1,,data/mapillary_images_new/t7ONjKynz6e5I4fvDqAYBW/right
107.581137782099,1136055204845134_right,1136055204845134_right,-7.30337158686874,112.750089168549,1,,data/mapillary_images_new/wmL9oX1AljUsix742F0cZf/right
106.069051950239,1107484994160264_right,1107484994160264_right,-7.30159440396851,112.749917507172,1,my_hood,data/mapillary_images_new/Qycm8N0gHbjkBZCtdxMoY3/right
286.63181386904,1645395502717105_right,1645395502717105_right,-7.3001258283378,112.74850666523,1,,data/mapillary_images_new/2WwrcMRsN6phxTSEt0yeKb/right
281.041402854104,1158473312306413_right,1158473312306413_right,-7.30071645172553,112.752079367638,1,my_hood,data/mapillary_images_new/Qycm8N0gHbjkBZCtdxMoY3/right
95.3993472380363,1118835233023102_right,1118835233023102_right,-7.30107295375326,112.751682400703,1,my_hood,data/mapillary_images_new/Qycm8N0gHbjkBZCtdxMoY3/right
275.954068137765,1870842046657597_right,1870842046657597_right,-7.30065792151473,112.751805782318,1,my_hood,data/mapillary_images_new/Qycm8N0gHbjkBZCtdxMoY3/right
287.33081343399,3192986990840904_right,3192986990840904_right,-7.30316939276318,112.749016284943,1,,data/mapillary_images_new/KEYQ7cuxoq089kXALyJD6R/right
101.399984128709,1288311919035362_right,1288311919035362_right,-7.30158908305101,112.754155397415,1,my_hood,data/mapillary_images_new/Qycm8N0gHbjkBZCtdxMoY3/right
286.314540980533,1097799555690344_right,1097799555690344_right,-7.30143477641617,112.750899195671,1,my_hood,data/mapillary_images_new/Qycm8N0gHbjkBZCtdxMoY3/right
105.763825408405,2017891882044080_right,2017891882044080_right,-7.30248831720849,112.749981880188,1,my_hood,data/mapillary_images_new/VhRsvgX03frqbokEC81T76/right
275.236663305281,579880581679918_right,579880581679918_right,-7.30187641250504,112.752540707588,1,my_hood,data/mapillary_images_new/Qycm8N0gHbjkBZCtdxMoY3/right
277.916697560741,1320313728996751_right,1320313728996751_right,-7.30109955837079,112.75387108326,1,my_hood,data/mapillary_images_new/Qycm8N0gHbjkBZCtdxMoY3/right
102.825003067826,1353476245637467_right,1353476245637467_right,-7.30330241521135,112.753114700317,1,my_hood,data/mapillary_images_new/VhRsvgX03frqbokEC81T76/right
296.752235662587,517149600674283_right,517149600674283_right,-7.30401541485884,112.750571966171,1,,data/mapillary_images_new/VW2hY8wcJ3e4PDUjQivLGd/right
100.205648867644,1834982650373531_right,1834982650373531_right,-7.29876366692039,112.748549580574,1,,data/mapillary_images_new/rLKfngGP2QWN4z7hej1FIu/right
280.575288622079,1295017675149113_right,1295017675149113_right,-7.30016839581525,112.748640775681,1,,data/mapillary_images_new/2WwrcMRsN6phxTSEt0yeKb/right
100.205720132885,1354330525725219_right,1354330525725219_right,-7.30195622620948,112.751204967499,1,my_hood,data/mapillary_images_new/Qycm8N0gHbjkBZCtdxMoY3/right
111.19425452564,1133258054822832_right,1133258054822832_right,-7.30079626563703,112.750255465508,1,my_hood,data/mapillary_images_new/Qycm8N0gHbjkBZCtdxMoY3/right
291.700839807252,2345893622427621_right,2345893622427621_right,-7.30310554197401,112.748758792877,1,,data/mapillary_images_new/KEYQ7cuxoq089kXALyJD6R/right
285.644825627751,2059050314548789_right,2059050314548789_right,-7.30131771617491,112.750432491302,1,my_hood,data/mapillary_images_new/Qycm8N0gHbjkBZCtdxMoY3/right
102.780719459929,1357423968638309_right,1357423968638309_right,-7.303770653914,112.751580476761,1,,data/mapillary_images_new/wmL9oX1AljUsix742F0cZf/right
285.830632179137,1258081668854890_right,1258081668854890_right,-7.30109423744742,112.753844261169,1,my_hood,data/mapillary_images_new/Qycm8N0gHbjkBZCtdxMoY3/right
287.057887281484,1406696453634589_right,1406696453634589_right,-7.30130175341237,112.750378847122,1,my_hood,data/mapillary_images_new/Qycm8N0gHbjkBZCtdxMoY3/right
109.435967441956,1714468319124693_right,1714468319124693_right,-7.30153587387261,112.749761939049,1,my_hood,data/mapillary_images_new/Qycm8N0gHbjkBZCtdxMoY3/right
15.8225072887344,1136357670673723_right,1136357670673723_right,-7.30411119084425,112.749316692352,1,,data/mapillary_images_new/GfnECFq1P5zs8ldBytcZSH/right
100.704522766634,1330952911691452_right,1330952911691452_right,-7.30355781820086,112.754015922546,1,my_hood,data/mapillary_images_new/VhRsvgX03frqbokEC81T76/right
154.717168581667,1335526197805989_right,1335526197805989_right,-7.29942346437497,112.750293016434,1,my_hood,data/mapillary_images_new/VhRsvgX03frqbokEC81T76/right
189.017791138365,590340507053484_right,590340507053484_right,-7.30097717711702,112.749343514442,1,my_hood,data/mapillary_images_new/VhRsvgX03frqbokEC81T76/right
105.047952605298,1046472767248509_right,1046472767248509_right,-7.3009878189665,112.75098502636,1,my_hood,data/mapillary_images_new/Qycm8N0gHbjkBZCtdxMoY3/right
281.782295372906,547183035002250_right,547183035002250_right,-7.30246703358068,112.75150001049,1,my_hood,data/mapillary_images_new/VhRsvgX03frqbokEC81T76/right
105.241947708283,618302204171035_right,618302204171035_right,-7.30236593633478,112.752766013145,1,my_hood,data/mapillary_images_new/Qycm8N0gHbjkBZCtdxMoY3/right
105.048028506145,4750066411884514_right,4750066411884514_right,-7.30335562417952,112.753302454948,1,my_hood,data/mapillary_images_new/VhRsvgX03frqbokEC81T76/right
100.387280233417,457464890743320_right,457464890743320_right,-7.30221162996803,112.752186655998,1,my_hood,data/mapillary_images_new/Qycm8N0gHbjkBZCtdxMoY3/right
276.165104400989,8873966016056958_right,8873966016056958_right,-7.30070580986961,112.752025723457,1,my_hood,data/mapillary_images_new/Qycm8N0gHbjkBZCtdxMoY3/right
282.824933387975,915706297315933_right,915706297315933_right,-7.30080690749082,112.752492427826,1,my_hood,data/mapillary_images_new/Qycm8N0gHbjkBZCtdxMoY3/right
106.06903164178,553602354168770_right,553602354168770_right,-7.30099846081573,112.75101184845,1,my_hood,data/mapillary_images_new/Qycm8N0gHbjkBZCtdxMoY3/right
14.4215313606969,923038673304611_right,923038673304611_right,-7.30147734376904,112.754917144775,1,my_hood,data/mapillary_images_new/Qycm8N0gHbjkBZCtdxMoY3/right
106.828109015195,1278376590112258_right,1278376590112258_right,-7.30244574995186,112.749815583229,1,my_hood,data/mapillary_images_new/VhRsvgX03frqbokEC81T76/right
295.645017042518,1254558555815813_right,1254558555815813_right,-7.30403669841293,112.750620245934,1,,data/mapillary_images_new/VW2hY8wcJ3e4PDUjQivLGd/right
99.8055608063708,2038350456578840_right,2038350456578840_right,-7.30126450696422,112.752578258514,1,my_hood,data/mapillary_images_new/Qycm8N0gHbjkBZCtdxMoY3/right
14.2376524133471,1547125169304795_right,1547125169304795_right,-7.3038611090614,112.750153541565,1,,data/mapillary_images_new/VW2hY8wcJ3e4PDUjQivLGd/right
284.14640677399,1072783437951860_right,1072783437951860_right,-7.30163697130617,112.751634120941,1,my_hood,data/mapillary_images_new/Qycm8N0gHbjkBZCtdxMoY3/right
106.516250312784,1584600042936557_right,1584600042936557_right,-7.30136560445914,112.753055691719,1,my_hood,data/mapillary_images_new/Qycm8N0gHbjkBZCtdxMoY3/right
281.861775263713,1546688626723087_right,1546688626723087_right,-7.30124854419977,112.754761576653,1,my_hood,data/mapillary_images_new/Qycm8N0gHbjkBZCtdxMoY3/right
107.487311039248,2052776641833835_right,2052776641833835_right,-7.30232336906651,112.749359607697,1,my_hood,data/mapillary_images_new/VhRsvgX03frqbokEC81T76/right
101.129009862179,1516126502433762_right,1516126502433762_right,-7.30364827339132,112.751108407974,1,,data/mapillary_images_new/wmL9oX1AljUsix742F0cZf/right
287.65993797157,573406591963848_right,573406591963848_right,-7.30057810757854,112.751430273056,1,my_hood,data/mapillary_images_new/Qycm8N0gHbjkBZCtdxMoY3/right
289.324163117344,2250140678703967_right,2250140678703967_right,-7.3001098655327,112.748453021049,1,,data/mapillary_images_new/2WwrcMRsN6phxTSEt0yeKb/right
104.583584518113,2117953345336424_right,2117953345336424_right,-7.30205732354803,112.751612663269,1,my_hood,data/mapillary_images_new/Qycm8N0gHbjkBZCtdxMoY3/right
96.3915525396672,1385713862836285_right,1385713862836285_right,-7.29836991636286,112.754434347153,1,,data/mapillary_images_new/t7ONjKynz6e5I4fvDqAYBW/right
279.163369211329,592614333485823_right,592614333485823_right,-7.30316407186443,112.754310965538,1,my_hood,data/mapillary_images_new/VhRsvgX03frqbokEC81T76/right
24.598019241732,3966925026964361_right,3966925026964361_right,-7.30343011672434,112.749729752541,1,,data/mapillary_images_new/wmL9oX1AljUsix742F0cZf/right
108.575435542016,611760791364355_right,611760791364355_right,-7.30358442267054,112.754123210907,1,my_hood,data/mapillary_images_new/VhRsvgX03frqbokEC81T76/right
283.429577345151,1129508898831867_right,1129508898831867_right,-7.30311618377283,112.754117846489,1,my_hood,data/mapillary_images_new/VhRsvgX03frqbokEC81T76/right
8.67631982555531,1511060049569325_right,1511060049569325_right,-7.30174338963261,112.74959564209,1,my_hood,data/mapillary_images_new/Qycm8N0gHbjkBZCtdxMoY3/right
350.092007162458,603822305666116_right,603822305666116_right,-7.30396220596919,112.750142812729,1,,data/mapillary_images_new/VW2hY8wcJ3e4PDUjQivLGd/right
117.665717761094,585377101121372_right,585377101121372_right,-7.29946603191927,112.750325202942,1,my_hood,data/mapillary_images_new/VhRsvgX03frqbokEC81T76/right
290.880498586449,852714766883701_right,852714766883701_right,-7.30295123586249,112.748265266418,1,,data/mapillary_images_new/KEYQ7cuxoq089kXALyJD6R/right
14.4215635527192,1296957781347525_right,1296957781347525_right,-7.30043976338875,112.751403450966,1,my_hood,data/mapillary_images_new/Qycm8N0gHbjkBZCtdxMoY3/right
284.533687422994,8584469614990112_right,8584469614990112_right,-7.30135496261865,112.750625610352,1,my_hood,data/mapillary_images_new/Qycm8N0gHbjkBZCtdxMoY3/right
285.763746880894,1531842577487624_right,1531842577487624_right,-7.30015243301168,112.7485871315,1,,data/mapillary_images_new/2WwrcMRsN6phxTSEt0yeKb/right
10.5355354694695,974538611187817_right,974538611187817_right,-7.29896586301795,112.751478552818,1,,data/mapillary_images_new/Qycm8N0gHbjkBZCtdxMoY3/right
282.190674201517,2165762380484348_right,2165762380484348_right,-7.30098249804179,112.753291726112,1,my_hood,data/mapillary_images_new/Qycm8N0gHbjkBZCtdxMoY3/right
109.114338258619,964963705559358_right,964963705559358_right,-7.30292463135513,112.751687765121,1,my_hood,data/mapillary_images_new/VhRsvgX03frqbokEC81T76/right
12.8927178793588,942352851166057_right,942352851166057_right,-7.30372808677947,112.749627828598,1,,data/mapillary_images_new/wmL9oX1AljUsix742F0cZf/right
102.071171418827,621190500572721_right,621190500572721_right,-7.30120065590302,112.752261757851,1,my_hood,data/mapillary_images_new/Qycm8N0gHbjkBZCtdxMoY3/right
104.146427204741,1644744693092028_right,1644744693092028_right,-7.30229676452178,112.749220132828,1,my_hood,data/mapillary_images_new/VhRsvgX03frqbokEC81T76/right
112.32992659745,512459337865354_right,512459337865354_right,-7.30384514638966,112.75182723999,1,,data/mapillary_images_new/wmL9oX1AljUsix742F0cZf/right
289.238227932762,621313790242996_right,621313790242996_right,-7.30331837790246,112.749563455582,1,,data/mapillary_images_new/VW2hY8wcJ3e4PDUjQivLGd/right
282.82496767896,3005408296289888_right,3005408296289888_right,-7.30204136081187,112.753254175186,1,my_hood,data/mapillary_images_new/Qycm8N0gHbjkBZCtdxMoY3/right
281.041453967614,494992639797315_right,494992639797315_right,-7.30283417601827,112.752921581268,1,my_hood,data/mapillary_images_new/VhRsvgX03frqbokEC81T76/right
183.547431355527,1978707839274751_right,1978707839274751_right,-7.2986146802637,112.75030374527,1,,data/mapillary_images_new/VhRsvgX03frqbokEC81T76/right
269.999999929338,1355255639182028_right,1355255639182028_right,-7.29940218060131,112.749069929123,1,,data/mapillary_images_new/rLKfngGP2QWN4z7hej1FIu/right
288.967708456826,924924913038786_right,924924913038786_right,-7.30311618377283,112.748839259148,1,,data/mapillary_images_new/VW2hY8wcJ3e4PDUjQivLGd/right
283.677248456291,1504371623592327_right,1504371623592327_right,-7.30232868997527,112.754445075989,1,my_hood,data/mapillary_images_new/Qycm8N0gHbjkBZCtdxMoY3/right
108.01551369023,9165410893497966_right,9165410893497966_right,-7.30324388533903,112.752900123596,1,my_hood,data/mapillary_images_new/VhRsvgX03frqbokEC81T76/right
284.146388101491,1239210807143872_right,1239210807143872_right,-7.30101442358911,112.753490209579,1,my_hood,data/mapillary_images_new/Qycm8N0gHbjkBZCtdxMoY3/right
107.581131758631,608928254852522_right,608928254852522_right,-7.30320663905265,112.752760648727,1,my_hood,data/mapillary_images_new/VhRsvgX03frqbokEC81T76/right
289.114301439775,566598676241392_right,566598676241392_right,-7.30200943533788,112.753120064735,1,my_hood,data/mapillary_images_new/Qycm8N0gHbjkBZCtdxMoY3/right
109.802148875916,602387645777503_right,602387645777503_right,-7.3039196388529,112.752111554146,1,,data/mapillary_images_new/wmL9oX1AljUsix742F0cZf/right
12.4303184380337,1109725030854177_right,1109725030854177_right,-7.30391431796308,112.74956882,1,,data/mapillary_images_new/wmL9oX1AljUsix742F0cZf/right
332.120629492084,1105738780924438_right,1105738780924438_right,-7.29875834596923,112.750309109688,1,,data/mapillary_images_new/rLKfngGP2QWN4z7hej1FIu/right
8.06500257927996,929539982488811_right,929539982488811_right,-7.30399413130372,112.749547362328,1,,data/mapillary_images_new/wmL9oX1AljUsix742F0cZf/right
280.972345794576,2141643839585041_right,2141643839585041_right,-7.30063131687092,112.751671671867,1,my_hood,data/mapillary_images_new/Qycm8N0gHbjkBZCtdxMoY3/right
110.709862339427,465070679731150_right,465070679731150_right,-7.3009505724922,112.75101184845,1,my_hood,data/mapillary_images_new/VhRsvgX03frqbokEC81T76/right
105.373956944158,459148720365994_right,459148720365994_right,-7.30159972488593,112.754182219505,1,my_hood,data/mapillary_images_new/Qycm8N0gHbjkBZCtdxMoY3/right
190.698860738302,2005741943239655_right,2005741943239655_right,-7.30214777904207,112.748935818672,1,my_hood,data/mapillary_images_new/VhRsvgX03frqbokEC81T76/right
107.234365763171,1222302988866097_right,1222302988866097_right,-7.3034460794109,112.750341296196,1,,data/mapillary_images_new/wmL9oX1AljUsix742F0cZf/right
104.583618966869,1100150111840511_right,1100150111840511_right,-7.30316407186443,112.752567529678,1,my_hood,data/mapillary_images_new/VhRsvgX03frqbokEC81T76/right
6.78780364108741,803193421948671_right,803193421948671_right,-7.30164229222309,112.749638557434,1,my_hood,data/mapillary_images_new/Qycm8N0gHbjkBZCtdxMoY3/right
351.934988962362,607965894938895_right,607965894938895_right,-7.30351525104608,112.749461531639,1,,data/mapillary_images_new/KEYQ7cuxoq089kXALyJD6R/right
199.506635796461,1133231671720711_right,1133231671720711_right,-7.29885944403063,112.750255465508,1,,data/mapillary_images_new/VhRsvgX03frqbokEC81T76/right
156.671442714473,2906556602830045_right,2906556602830045_right,-7.29940218060131,112.750239372253,1,my_hood,data/mapillary_images_new/VhRsvgX03frqbokEC81T76/right
287.121641797862,1498749314134807_right,1498749314134807_right,-7.30173806871689,112.752025723457,1,my_hood,data/mapillary_images_new/Qycm8N0gHbjkBZCtdxMoY3/right
281.091290609459,534959176366878_right,534959176366878_right,-7.30215309995292,112.753726243973,1,my_hood,data/mapillary_images_new/Qycm8N0gHbjkBZCtdxMoY3/right
104.146464393018,439421025774001_right,439421025774001_right,-7.30352057194064,112.753876447678,1,my_hood,data/mapillary_images_new/VhRsvgX03frqbokEC81T76/right
104.494059316357,895589836077368_right,895589836077368_right,-7.30237657815121,112.752792835236,1,my_hood,data/mapillary_images_new/Qycm8N0gHbjkBZCtdxMoY3/right
262.817382440729,1137910837897993_right,1137910837897993_right,-7.2989020116286,112.751022577286,1,,data/mapillary_images_new/rLKfngGP2QWN4z7hej1FIu/right
106.631881554253,606786575179601_right,606786575179601_right,-7.30204136081187,112.751559019089,1,my_hood,data/mapillary_images_new/Qycm8N0gHbjkBZCtdxMoY3/right
106.386029164643,1616793882544224_right,1616793882544224_right,-7.30145073917397,112.753436565399,1,my_hood,data/mapillary_images_new/Qycm8N0gHbjkBZCtdxMoY3/right
99.805499532796,1116837163558136_right,1116837163558136_right,-7.2984124840074,112.7546864748,1,,data/mapillary_images_new/t7ONjKynz6e5I4fvDqAYBW/right
252.214727679612,1268879457696313_right,1268879457696313_right,-7.29918402186283,112.748308181763,1,,data/mapillary_images_new/rLKfngGP2QWN4z7hej1FIu/right
44.766627276943,582513544514376_right,582513544514376_right,-7.30346204209688,112.74964928627,1,,data/mapillary_images_new/VW2hY8wcJ3e4PDUjQivLGd/right
280.387243858614,1778268902991849_right,1778268902991849_right,-7.30063131687092,112.751644849777,1,my_hood,data/mapillary_images_new/Qycm8N0gHbjkBZCtdxMoY3/right
286.440105652722,581778047914444_right,581778047914444_right,-7.30318535545904,112.749091386795,1,,data/mapillary_images_new/VW2hY8wcJ3e4PDUjQivLGd/right
255.942307833347,1143036674089331_right,1143036674089331_right,-7.3038504672803,112.749654650688,1,,data/mapillary_images_new/VW2hY8wcJ3e4PDUjQivLGd/right
101.86178265468,621109187024484_right,621109187024484_right,-7.30152523203616,112.753828167915,1,my_hood,data/mapillary_images_new/Qycm8N0gHbjkBZCtdxMoY3/right
206.378966073103,1926249387782652_right,1926249387782652_right,-7.30035994941363,112.749606370926,1,my_hood,data/mapillary_images_new/VhRsvgX03frqbokEC81T76/right
199.83375220813,600207385810352_right,600207385810352_right,-7.3014188136578,112.749171853065,1,my_hood,data/mapillary_images_new/VhRsvgX03frqbokEC81T76/right
7.06782938931514,9083268741759564_right,9083268741759564_right,-7.3013443207779,112.754949331284,1,my_hood,data/mapillary_images_new/Qycm8N0gHbjkBZCtdxMoY3/right
103.734248767684,1119607213293907_right,1119607213293907_right,-7.30329709431417,112.753087878227,1,my_hood,data/mapillary_images_new/VhRsvgX03frqbokEC81T76/right
285.373905457321,830606345798963_right,830606345798963_right,-7.30003537243476,112.748243808746,1,,data/mapillary_images_new/2WwrcMRsN6phxTSEt0yeKb/right
204.838704429834,1258529558701335_right,1258529558701335_right,-7.29922126848425,112.750126719475,1,,data/mapillary_images_new/VhRsvgX03frqbokEC81T76/right
99.2849610244601,4407796246122078_right,4407796246122078_right,-7.29849761928435,112.755319476128,1,,data/mapillary_images_new/t7ONjKynz6e5I4fvDqAYBW/right
101.983073982388,448888684956107_right,448888684956107_right,-7.30236593633478,112.749520540237,1,my_hood,data/mapillary_images_new/VhRsvgX03frqbokEC81T76/right
100.088054914528,3817718945211296_right,3817718945211296_right,-7.2984124840074,112.75465965271,1,,data/mapillary_images_new/t7ONjKynz6e5I4fvDqAYBW/right
103.237685778196,8198752780224764_right,8198752780224764_right,-7.30346736299208,112.753656506538,1,my_hood,data/mapillary_images_new/VhRsvgX03frqbokEC81T76/right
109.169857026961,455046364322857_right,455046364322857_right,-7.3020679653718,112.751639485359,1,my_hood,data/mapillary_images_new/Qycm8N0gHbjkBZCtdxMoY3/right
288.065026260304,2045630999214160_right,2045630999214160_right,-7.30229676452178,112.754337787628,1,my_hood,data/mapillary_images_new/Qycm8N0gHbjkBZCtdxMoY3/right
95.3577053918522,1097760148813373_right,1097760148813373_right,-7.29846569355739,112.755120992661,1,,data/mapillary_images_new/t7ONjKynz6e5I4fvDqAYBW/right
261.1835054751,1072146901379120_right,1072146901379120_right,-7.29890733257805,112.750995755196,1,,data/mapillary_images_new/rLKfngGP2QWN4z7hej1FIu/right
12.5929719703475,1643868802866741_right,1643868802866741_right,-7.30392495974266,112.750137448311,1,,data/mapillary_images_new/VW2hY8wcJ3e4PDUjQivLGd/right
107.880574754421,2337545903311856_right,2337545903311856_right,-7.30257877261533,112.750271558762,1,my_hood,data/mapillary_images_new/VhRsvgX03frqbokEC81T76/right
105.047983982541,1169071001450372_right,1169071001450372_right,-7.30197218894867,112.751258611679,1,my_hood,data/mapillary_images_new/Qycm8N0gHbjkBZCtdxMoY3/right
103.097191560236,899709972316058_right,899709972316058_right,-7.30112084206368,112.751907706261,1,my_hood,data/mapillary_images_new/Qycm8N0gHbjkBZCtdxMoY3/right
101.399918115222,546509841676632_right,546509841676632_right,-7.29893393732442,112.749139666557,1,,data/mapillary_images_new/rLKfngGP2QWN4z7hej1FIu/right
198.295459625681,1548640929188661_right,1548640929188661_right,-7.30137092537929,112.74918794632,1,my_hood,data/mapillary_images_new/VhRsvgX03frqbokEC81T76/right
100.870374689135,2939658692857932_right,2939658692857932_right,-7.30172742688525,112.754766941071,1,my_hood,data/mapillary_images_new/Qycm8N0gHbjkBZCtdxMoY3/right
224.766615273119,1332248348215684_right,1332248348215684_right,-7.30365359428431,112.750126719475,1,,data/mapillary_images_new/VW2hY8wcJ3e4PDUjQivLGd/right
102.190723655796,540449002283126_right,540449002283126_right,-7.30283417601827,112.75136590004,1,my_hood,data/mapillary_images_new/VhRsvgX03frqbokEC81T76/right
287.234286570512,1026880915911479_right,1026880915911479_right,-7.30126982788556,112.750298380852,1,my_hood,data/mapillary_images_new/Qycm8N0gHbjkBZCtdxMoY3/right
286.069072546347,1617345749661045_right,1617345749661045_right,-7.30220630905788,112.750577330589,1,my_hood,data/mapillary_images_new/VhRsvgX03frqbokEC81T76/right
3.33923781945555,1165460395250454_right,1165460395250454_right,-7.29969483240043,112.751483917236,1,my_hood,data/mapillary_images_new/Qycm8N0gHbjkBZCtdxMoY3/right
299.676239743553,958672382989618_right,958672382989618_right,-7.30330773610844,112.749423980713,1,,data/mapillary_images_new/KEYQ7cuxoq089kXALyJD6R/right
104.791204320055,1600026570900687_right,1600026570900687_right,-7.3036801987483,112.751247882843,1,,data/mapillary_images_new/wmL9oX1AljUsix742F0cZf/right
272.509864890717,8689401711185633_right,8689401711185633_right,-7.29890733257805,112.750909924507,1,,data/mapillary_images_new/rLKfngGP2QWN4z7hej1FIu/right
200.699840209546,820870963470673_right,820870963470673_right,-7.29908292387478,112.749220132828,1,,data/mapillary_images_new/rLKfngGP2QWN4z7hej1FIu/right
281.400005819244,565813349771386_right,565813349771386_right,-7.3024776753947,112.751553654671,1,my_hood,data/mapillary_images_new/VhRsvgX03frqbokEC81T76/right
282.627946229123,1135556718204079_right,1135556718204079_right,-7.30097185619218,112.753264904022,1,my_hood,data/mapillary_images_new/Qycm8N0gHbjkBZCtdxMoY3/right
286.82811761605,627475286302455_right,627475286302455_right,-7.30269583252645,112.752374410629,1,my_hood,data/mapillary_images_new/VhRsvgX03frqbokEC81T76/right
198.295430563242,572312192177645_right,572312192177645_right,-7.30212117448689,112.74894118309,1,my_hood,data/mapillary_images_new/VhRsvgX03frqbokEC81T76/right
298.373234741832,1016550507173618_right,1016550507173618_right,-7.3019775098616,112.749735116959,1,my_hood,data/mapillary_images_new/VhRsvgX03frqbokEC81T76/right
104.533746091976,1206795894109484_right,1206795894109484_right,-7.30322792264523,112.752846479416,1,my_hood,data/mapillary_images_new/VhRsvgX03frqbokEC81T76/right
196.571397004265,1832392357516894_right,1832392357516894_right,-7.29831138584498,112.750325202942,1,,data/mapillary_images_new/VhRsvgX03frqbokEC81T76/right
216.646387591146,474055992403510_right,474055992403510_right,-7.29901907250212,112.750201821327,1,,data/mapillary_images_new/VhRsvgX03frqbokEC81T76/right
281.726135702619,1336910150636063_right,1336910150636063_right,-7.3022169508781,112.753973007202,1,my_hood,data/mapillary_images_new/Qycm8N0gHbjkBZCtdxMoY3/right
113.874728759544,2618422265012889_right,2618422265012889_right,-7.29937025493889,112.750196456909,1,my_hood,data/mapillary_images_new/VhRsvgX03frqbokEC81T76/right
111.194258836075,631446762640914_right,631446762640914_right,-7.30089736323781,112.750786542892,1,my_hood,data/mapillary_images_new/VhRsvgX03frqbokEC81T76/right
19.2940060458827,605756341853532_right,605756341853532_right,-7.30360038535159,112.749456167221,1,,data/mapillary_images_new/KEYQ7cuxoq089kXALyJD6R/right
0,612788918071447_right,612788918071447_right,-7.29999812588113,112.7514731884,1,my_hood,data/mapillary_images_new/Qycm8N0gHbjkBZCtdxMoY3/right
272.74854891347,909242674310980_right,909242674310980_right,-7.29889669067907,112.750577330589,1,,data/mapillary_images_new/rLKfngGP2QWN4z7hej1FIu/right
286.516174193152,509647542134097_right,509647542134097_right,-7.29919466375497,112.748420834541,1,,data/mapillary_images_new/rLKfngGP2QWN4z7hej1FIu/right
102.436816919434,567968542719418_right,567968542719418_right,-7.30082819119764,112.750362753868,1,my_hood,data/mapillary_images_new/Qycm8N0gHbjkBZCtdxMoY3/right
280.575313351228,1793009014808206_right,1793009014808206_right,-7.30123790235649,112.754654288292,1,my_hood,data/mapillary_images_new/Qycm8N0gHbjkBZCtdxMoY3/right
280.387282813484,1608549149746726_right,1608549149746726_right,-7.30234465270115,112.754552364349,1,my_hood,data/mapillary_images_new/Qycm8N0gHbjkBZCtdxMoY3/right
285.830621943349,9103580819688588_right,9103580819688588_right,-7.300785623783,112.752411961555,1,my_hood,data/mapillary_images_new/Qycm8N0gHbjkBZCtdxMoY3/right
98.6850081520299,983689460245027_right,983689460245027_right,-7.30123790235649,112.752433419228,1,my_hood,data/mapillary_images_new/Qycm8N0gHbjkBZCtdxMoY3/right
94.4344926739216,1543193749727117_right,1543193749727117_right,-7.29843376782817,112.754831314087,1,,data/mapillary_images_new/t7ONjKynz6e5I4fvDqAYBW/right
99.8055581389043,1400629007584531_right,1400629007584531_right,-7.30114212575558,112.751988172531,1,my_hood,data/mapillary_images_new/Qycm8N0gHbjkBZCtdxMoY3/right
292.917865266259,1706379886887594_right,1706379886887594_right,-7.30244574995186,112.751414179802,1,my_hood,data/mapillary_images_new/VhRsvgX03frqbokEC81T76/right
23.78985020789,585096764416567_right,585096764416567_right,-7.30102506543771,112.74994969368,1,my_hood,data/mapillary_images_new/Qycm8N0gHbjkBZCtdxMoY3/right
283.0971787449,1242959280118998_right,1242959280118998_right,-7.30068452615696,112.751918435097,1,my_hood,data/mapillary_images_new/Qycm8N0gHbjkBZCtdxMoY3/right
277.758214848889,1125094035636543_right,1125094035636543_right,-7.302083928107,112.753420472145,1,my_hood,data/mapillary_images_new/Qycm8N0gHbjkBZCtdxMoY3/right
100.704402409052,1726351821260204_right,1726351821260204_right,-7.29840716305206,112.754627466202,1,,data/mapillary_images_new/t7ONjKynz6e5I4fvDqAYBW/right
106.684961698218,1570724300472203_right,1570724300472203_right,-7.30231272724882,112.752578258514,1,my_hood,data/mapillary_images_new/Qycm8N0gHbjkBZCtdxMoY3/right
281.726124931728,2529643233911934_right,2529643233911934_right,-7.30179127787123,112.752245664597,1,my_hood,data/mapillary_images_new/Qycm8N0gHbjkBZCtdxMoY3/right
92.0621167362463,611414614732022_right,611414614732022_right,-7.30168485955619,112.750212550163,1,my_hood,data/mapillary_images_new/Qycm8N0gHbjkBZCtdxMoY3/right
281.399946762804,7725526707572313_right,7725526707572313_right,-7.30009922366233,112.748426198959,1,,data/mapillary_images_new/2WwrcMRsN6phxTSEt0yeKb/right
280.972357602424,628522426367623_right,628522426367623_right,-7.30112084206368,112.753983736038,1,my_hood,data/mapillary_images_new/Qycm8N0gHbjkBZCtdxMoY3/right
18.2953759645149,1140144390799409_right,1140144390799409_right,-7.30355781820086,112.754337787628,1,my_hood,data/mapillary_images_new/VhRsvgX03frqbokEC81T76/right
12.4304055883679,599692452421663_right,599692452421663_right,-7.30066324244331,112.751317620277,1,my_hood,data/mapillary_images_new/VhRsvgX03frqbokEC81T76/right
283.734241879554,456619630838477_right,456619630838477_right,-7.3030789374758,112.75395154953,1,my_hood,data/mapillary_images_new/VhRsvgX03frqbokEC81T76/right
105.873546829021,631969859181156_right,631969859181156_right,-7.3035312137296,112.750641703606,1,,data/mapillary_images_new/wmL9oX1AljUsix742F0cZf/right
99.8608446351139,1145924720216152_right,1145924720216152_right,-7.30280225060086,112.751226425171,1,my_hood,data/mapillary_images_new/VhRsvgX03frqbokEC81T76/right
284.146411261435,8865803163497278_right,8865803163497278_right,-7.30178063604087,112.752192020416,1,my_hood,data/mapillary_images_new/Qycm8N0gHbjkBZCtdxMoY3/right
193.390270114516,998224042124466_right,998224042124466_right,-7.3009505724922,112.74934887886,1,my_hood,data/mapillary_images_new/VhRsvgX03frqbokEC81T76/right
93.6055018073187,1688759748337396_right,1688759748337396_right,-7.30236593633478,112.749547362328,1,my_hood,data/mapillary_images_new/VhRsvgX03frqbokEC81T76/right
103.009423773848,1935628553630635_right,1935628553630635_right,-7.30399413130372,112.752417325974,1,,data/mapillary_images_new/wmL9oX1AljUsix742F0cZf/right
0,1648241109406149_right,1648241109406149_right,-7.29997152119807,112.7514731884,1,my_hood,data/mapillary_images_new/Qycm8N0gHbjkBZCtdxMoY3/right
107.234328265302,9413069855381341_right,9413069855381341_right,-7.30241382450674,112.749708294868,1,my_hood,data/mapillary_images_new/VhRsvgX03frqbokEC81T76/right
102.190700085992,962900309063188_right,962900309063188_right,-7.30194026346973,112.751151323318,1,my_hood,data/mapillary_images_new/Qycm8N0gHbjkBZCtdxMoY3/right
105.373948777359,1128278242309569_right,1128278242309569_right,-7.30133899985742,112.75294303894,1,my_hood,data/mapillary_images_new/Qycm8N0gHbjkBZCtdxMoY3/right
292.412933216627,893613519598412_right,893613519598412_right,-7.30048233083633,112.750845551491,1,my_hood,data/mapillary_images_new/VhRsvgX03frqbokEC81T76/right
88.547132281819,1293497658528643_right,1293497658528643_right,-7.29941282248825,112.750271558762,1,my_hood,data/mapillary_images_new/VhRsvgX03frqbokEC81T76/right
113.367985177107,602872822149808_right,602872822149808_right,-7.30183384519016,112.750834822655,1,my_hood,data/mapillary_images_new/Qycm8N0gHbjkBZCtdxMoY3/right
282.436837663369,1335242477470164_right,1335242477470164_right,-7.30161568763785,112.751553654671,1,my_hood,data/mapillary_images_new/Qycm8N0gHbjkBZCtdxMoY3/right
111.529373680188,606413225193734_right,606413225193734_right,-7.3009080050892,112.75065779686,1,my_hood,data/mapillary_images_new/Qycm8N0gHbjkBZCtdxMoY3/right
106.386053606857,414647984970712_right,414647984970712_right,-7.30215309995292,112.751966714859,1,my_hood,data/mapillary_images_new/Qycm8N0gHbjkBZCtdxMoY3/right
200.88157341471,624539363329009_right,624539363329009_right,-7.30403669841293,112.750099897385,1,,data/mapillary_images_new/VW2hY8wcJ3e4PDUjQivLGd/right
104.58362429439,1127118025003254_right,1127118025003254_right,-7.30332901969622,112.753227353096,1,my_hood,data/mapillary_images_new/VhRsvgX03frqbokEC81T76/right
115.823356389507,1742698769857672_right,1742698769857672_right,-7.29947135286201,112.750352025032,1,my_hood,data/mapillary_images_new/VhRsvgX03frqbokEC81T76/right
282.824940881941,925201429787343_right,925201429787343_right,-7.30107295375326,112.753758430481,1,my_hood,data/mapillary_images_new/Qycm8N0gHbjkBZCtdxMoY3/right
282.297189139153,935290148595401_right,935290148595401_right,-7.3016050458033,112.751521468163,1,my_hood,data/mapillary_images_new/Qycm8N0gHbjkBZCtdxMoY3/right
99.5381991830405,631062136016238_right,631062136016238_right,-7.29845505164791,112.755029797554,1,,data/mapillary_images_new/t7ONjKynz6e5I4fvDqAYBW/right
286.988302838447,2906655972831423_right,2906655972831423_right,-7.30125386512131,112.750244736671,1,my_hood,data/mapillary_images_new/Qycm8N0gHbjkBZCtdxMoY3/right
278.599447864004,8671199403005406_right,8671199403005406_right,-7.30046104711305,112.75076508522,1,my_hood,data/mapillary_images_new/VhRsvgX03frqbokEC81T76/right
78.6000608066548,2311600069207409_right,2311600069207409_right,-7.29979060931129,112.748849987984,1,,data/mapillary_images_new/2WwrcMRsN6phxTSEt0yeKb/right
103.097246662542,590338553582796_right,590338553582796_right,-7.30307361657599,112.75223493576,1,my_hood,data/mapillary_images_new/VhRsvgX03frqbokEC81T76/right
291.96282538629,524364980631220_right,524364980631220_right,-7.30329177341694,112.749536633492,1,,data/mapillary_images_new/wmL9oX1AljUsix742F0cZf/right
257.271826141712,1251504556066227_right,1251504556066227_right,-7.3037866165884,112.749638557434,1,,data/mapillary_images_new/VW2hY8wcJ3e4PDUjQivLGd/right
97.3648671141956,530553220016671_right,530553220016671_right,-7.30362166892544,112.751001119614,1,,data/mapillary_images_new/wmL9oX1AljUsix742F0cZf/right
15.5215834991985,1053936436505017_right,1053936436505017_right,-7.30030141915617,112.751435637474,1,my_hood,data/mapillary_images_new/Qycm8N0gHbjkBZCtdxMoY3/right
35.9515096748623,2362901654065091_right,2362901654065091_right,-7.30363763160517,112.750185728073,1,,data/mapillary_images_new/VW2hY8wcJ3e4PDUjQivLGd/right
107.487369348015,1139943604142435_right,1139943604142435_right,-7.30390367618324,112.752057909966,1,,data/mapillary_images_new/wmL9oX1AljUsix742F0cZf/right
109.802092254772,1699297780802039_right,1699297780802039_right,-7.30253088446105,112.750110626221,1,my_hood,data/mapillary_images_new/VhRsvgX03frqbokEC81T76/right
269.999999885173,1228258018266733_right,1228258018266733_right,-7.30232336906651,112.750926017761,1,my_hood,data/mapillary_images_new/VhRsvgX03frqbokEC81T76/right
195.404316499222,2296581294030326_right,2296581294030326_right,-7.29883283927984,112.750260829926,1,,data/mapillary_images_new/VhRsvgX03frqbokEC81T76/right
102.82495804086,1104512124473977_right,1104512124473977_right,-7.30168485955619,112.754600644112,1,my_hood,data/mapillary_images_new/Qycm8N0gHbjkBZCtdxMoY3/right
102.824987468654,913954987584195_right,913954987584195_right,-7.30273839975926,112.75427877903,1,my_hood,data/mapillary_images_new/Qycm8N0gHbjkBZCtdxMoY3/right
224.766613849004,1101268611306967_right,1101268611306967_right,-7.30366955696289,112.750110626221,1,,data/mapillary_images_new/VW2hY8wcJ3e4PDUjQivLGd/right
121.536332177647,1089595072649670_right,1089595072649670_right,-7.30260537714328,112.750378847122,1,my_hood,data/mapillary_images_new/VhRsvgX03frqbokEC81T76/right
104.146412794603,2391474797870135_right,2391474797870135_right,-7.30182320336081,112.750748991966,1,my_hood,data/mapillary_images_new/Qycm8N0gHbjkBZCtdxMoY3/right
294.800624186036,454478284212225_right,454478284212225_right,-7.29937025493889,112.748962640762,1,,data/mapillary_images_new/rLKfngGP2QWN4z7hej1FIu/right
199.145080403924,877354107643901_right,877354107643901_right,-7.30079626563703,112.749418616295,1,my_hood,data/mapillary_images_new/VhRsvgX03frqbokEC81T76/right
98.1956884867561,870772838411080_right,870772838411080_right,-7.30261601895401,112.750491499901,1,my_hood,data/mapillary_images_new/VhRsvgX03frqbokEC81T76/right
285.047969260457,564586663226277_right,564586663226277_right,-7.30152523203616,112.751253247261,1,my_hood,data/mapillary_images_new/Qycm8N0gHbjkBZCtdxMoY3/right
95.7569857382693,579189715073429_right,579189715073429_right,-7.30303637027544,112.75210082531,1,my_hood,data/mapillary_images_new/VhRsvgX03frqbokEC81T76/right
285.830698107258,986187886749683_right,986187886749683_right,-7.30305233297605,112.753812074661,1,my_hood,data/mapillary_images_new/VhRsvgX03frqbokEC81T76/right
273.97733896011,938299948443833_right,938299948443833_right,-7.30188173341911,112.752653360367,1,my_hood,data/mapillary_images_new/Qycm8N0gHbjkBZCtdxMoY3/right
278.494842757144,1767546707373563_right,1767546707373563_right,-7.30059407036693,112.751226425171,1,my_hood,data/mapillary_images_new/VhRsvgX03frqbokEC81T76/right
109.58694266419,1237768037522045_right,1237768037522045_right,-7.30234997360965,112.749466896057,1,my_hood,data/mapillary_images_new/VhRsvgX03frqbokEC81T76/right
278.816539226753,1142426604080245_right,1142426604080245_right,-7.30121661866916,112.750110626221,1,my_hood,data/mapillary_images_new/Qycm8N0gHbjkBZCtdxMoY3/right
195.137202209676,902709855265673_right,902709855265673_right,-7.29877962977352,112.750282287598,1,,data/mapillary_images_new/VhRsvgX03frqbokEC81T76/right
282.071212849653,1206957537691115_right,1206957537691115_right,-7.30279692969775,112.752755284309,1,my_hood,data/mapillary_images_new/VhRsvgX03frqbokEC81T76/right
302.215364446075,506937698468789_right,506937698468789_right,-7.30056746571931,112.751403450966,1,my_hood,data/mapillary_images_new/Qycm8N0gHbjkBZCtdxMoY3/right
308.887595326935,987243143227071_right,987243143227071_right,-7.30190833798854,112.749558091164,1,my_hood,data/mapillary_images_new/VhRsvgX03frqbokEC81T76/right
116.752160483551,1758647701549671_right,1758647701549671_right,-7.30255216808581,112.750191092491,1,my_hood,data/mapillary_images_new/VhRsvgX03frqbokEC81T76/right
99.8607520683593,2396062414068215_right,2396062414068215_right,-7.29851890310105,112.755517959595,1,,data/mapillary_images_new/t7ONjKynz6e5I4fvDqAYBW/right
285.830688404172,944318437654594_right,944318437654594_right,-7.3027650042777,112.752615809441,1,my_hood,data/mapillary_images_new/VhRsvgX03frqbokEC81T76/right
279.737393383785,587025977416244_right,587025977416244_right,-7.3031427882688,112.748930454254,1,,data/mapillary_images_new/KEYQ7cuxoq089kXALyJD6R/right
203.030225250825,914958447438428_right,914958447438428_right,-7.30007261898528,112.74883389473,1,,data/mapillary_images_new/2WwrcMRsN6phxTSEt0yeKb/right
285.763811929067,966922108687937_right,966922108687937_right,-7.30209456993015,112.750115990639,1,my_hood,data/mapillary_images_new/VhRsvgX03frqbokEC81T76/right
108.01551854938,28159980130284274_right,28159980130284274_right,-7.30337158686874,112.753361463547,1,my_hood,data/mapillary_images_new/VhRsvgX03frqbokEC81T76/right
191.597187426857,804796585126203_right,804796585126203_right,-7.3003865540736,112.750652432442,1,my_hood,data/mapillary_images_new/VhRsvgX03frqbokEC81T76/right
264.763343590432,1749693055790744_right,1749693055790744_right,-7.30124854419977,112.754734754562,1,my_hood,data/mapillary_images_new/Qycm8N0gHbjkBZCtdxMoY3/right
63.2479197054744,1298144968199664_right,1298144968199664_right,-7.30100378174025,112.751274704933,1,my_hood,data/mapillary_images_new/Qycm8N0gHbjkBZCtdxMoY3/right
335.731264717797,954565456552085_right,954565456552085_right,-7.30054618200008,112.751381993294,1,my_hood,data/mapillary_images_new/Qycm8N0gHbjkBZCtdxMoY3/right
101.399931811764,1812445646158889_right,1812445646158889_right,-7.29948731568989,112.750405669212,1,my_hood,data/mapillary_images_new/VhRsvgX03frqbokEC81T76/right
98.0075183349084,948712503425634_right,948712503425634_right,-7.2984390887832,112.754917144775,1,,data/mapillary_images_new/t7ONjKynz6e5I4fvDqAYBW/right
10.4082674819017,1754747141989213_right,1754747141989213_right,-7.30158908305101,112.754890322685,1,my_hood,data/mapillary_images_new/Qycm8N0gHbjkBZCtdxMoY3/right
17.3919701932179,2105485263216154_right,2105485263216154_right,-7.30388239262284,112.749579548836,1,,data/mapillary_images_new/wmL9oX1AljUsix742F0cZf/right
100.575306775845,8957015611019545_right,8957015611019545_right,-7.30093993064183,112.75098502636,1,my_hood,data/mapillary_images_new/VhRsvgX03frqbokEC81T76/right
19.1450984387784,2866501833511902_right,2866501833511902_right,-7.30034398661691,112.750679254532,1,my_hood,data/mapillary_images_new/VhRsvgX03frqbokEC81T76/right
96.8439053471269,1118919952890571_right,1118919952890571_right,-7.29844440973815,112.754970788956,1,,data/mapillary_images_new/t7ONjKynz6e5I4fvDqAYBW/right
101.400013770048,493691686592416_right,493691686592416_right,-7.30278628789132,112.754439711571,1,my_hood,data/mapillary_images_new/Qycm8N0gHbjkBZCtdxMoY3/right
104.146431323769,2381393998868131_right,2381393998868131_right,-7.30242978722958,112.752985954285,1,my_hood,data/mapillary_images_new/Qycm8N0gHbjkBZCtdxMoY3/right
11.2205885737362,1772182873601695_right,1772182873601695_right,-7.30018967955246,112.751462459564,1,my_hood,data/mapillary_images_new/Qycm8N0gHbjkBZCtdxMoY3/right
279.163369218331,1494248074551744_right,1494248074551744_right,-7.30316407186443,112.754337787628,1,my_hood,data/mapillary_images_new/VhRsvgX03frqbokEC81T76/right
236.094150621549,1278523673292692_right,1278523673292692_right,-7.30383982549895,112.74967610836,1,,data/mapillary_images_new/VW2hY8wcJ3e4PDUjQivLGd/right
280.972378314093,1766575624090796_right,1766575624090796_right,-7.30198815168728,112.749761939049,1,my_hood,data/mapillary_images_new/VhRsvgX03frqbokEC81T76/right
104.583629373623,1941155416371359_right,1941155416371359_right,-7.30349396746715,112.753769159317,1,my_hood,data/mapillary_images_new/VhRsvgX03frqbokEC81T76/right
97.9709706912076,564579586541465_right,564579586541465_right,-7.30108891652398,112.751768231392,1,my_hood,data/mapillary_images_new/Qycm8N0gHbjkBZCtdxMoY3/right
303.11851506567,1240535040581923_right,1240535040581923_right,-7.30405266107782,112.750647068024,1,,data/mapillary_images_new/VW2hY8wcJ3e4PDUjQivLGd/right
204.727124695761,483534171438473_right,483534171438473_right,-7.3001098655327,112.749729752541,1,my_hood,data/mapillary_images_new/VhRsvgX03frqbokEC81T76/right
290.133360856795,1130063702160087_right,1130063702160087_right,-7.30058874943752,112.751457095146,1,my_hood,data/mapillary_images_new/Qycm8N0gHbjkBZCtdxMoY3/right
99.8055695473607,2395134610879555_right,2395134610879555_right,-7.3016742177233,112.754546999931,1,my_hood,data/mapillary_images_new/Qycm8N0gHbjkBZCtdxMoY3/right
286.828041282505,1103922711371880_right,1103922711371880_right,-7.30054618200008,112.75106549263,1,my_hood,data/mapillary_images_new/VhRsvgX03frqbokEC81T76/right
106.828144644072,1005181721516036_right,1005181721516036_right,-7.3034460794109,112.753576040268,1,my_hood,data/mapillary_images_new/VhRsvgX03frqbokEC81T76/right
282.824910032686,640371718329265_right,640371718329265_right,-7.29996620026128,112.750529050827,1,my_hood,data/mapillary_images_new/VhRsvgX03frqbokEC81T76/right
98.5994177321047,609402461496158_right,609402461496158_right,-7.2988541230806,112.748871445656,1,,data/mapillary_images_new/rLKfngGP2QWN4z7hej1FIu/right
110.475615982922,605432211985591_right,605432211985591_right,-7.30325452713456,112.749627828598,1,,data/mapillary_images_new/wmL9oX1AljUsix742F0cZf/right
100.972299403523,2759988950876007_right,2759988950876007_right,-7.29867853169407,112.748254537582,1,,data/mapillary_images_new/rLKfngGP2QWN4z7hej1FIu/right
94.2189774015685,9865257490167636_right,9865257490167636_right,-7.29847633546663,112.755180001259,1,,data/mapillary_images_new/t7ONjKynz6e5I4fvDqAYBW/right
288.064991345058,1143360316621385_right,1143360316621385_right,-7.30137092537929,112.750679254532,1,my_hood,data/mapillary_images_new/Qycm8N0gHbjkBZCtdxMoY3/right
291.962680897103,912930837564222_right,912930837564222_right,-7.30004601430666,112.748297452927,1,,data/mapillary_images_new/2WwrcMRsN6phxTSEt0yeKb/right
102.627955676484,626077266507154_right,626077266507154_right,-7.30130175341237,112.752771377563,1,my_hood,data/mapillary_images_new/Qycm8N0gHbjkBZCtdxMoY3/right
9.01779367337394,464640469775508_right,464640469775508_right,-7.30084947490344,112.751274704933,1,my_hood,data/mapillary_images_new/VhRsvgX03frqbokEC81T76/right
100.798703255934,956398652491827_right,956398652491827_right,-7.30360038535159,112.750920653343,1,,data/mapillary_images_new/wmL9oX1AljUsix742F0cZf/right
272.405424667459,525561100532336_right,525561100532336_right,-7.30114744667839,112.754150032997,1,my_hood,data/mapillary_images_new/Qycm8N0gHbjkBZCtdxMoY3/right
274.938960509229,920770260162896_right,920770260162896_right,-7.30282885511551,112.752894759178,1,my_hood,data/mapillary_images_new/VhRsvgX03frqbokEC81T76/right
278.599418327532,1109299730845151_right,1109299730845151_right,-7.29889669067907,112.750604152679,1,,data/mapillary_images_new/rLKfngGP2QWN4z7hej1FIu/right
277.655987051806,4129293400632859_right,4129293400632859_right,-7.30089204231201,112.752910852432,1,my_hood,data/mapillary_images_new/Qycm8N0gHbjkBZCtdxMoY3/right
288.141806028648,1149438366735580_right,1149438366735580_right,-7.30320131815435,112.749150395393,1,,data/mapillary_images_new/VW2hY8wcJ3e4PDUjQivLGd/right
0,931506192498885_right,931506192498885_right,-7.29991299088978,112.751478552818,1,my_hood,data/mapillary_images_new/Qycm8N0gHbjkBZCtdxMoY3/right
104.146424482366,470983806043894_right,470983806043894_right,-7.30220630905788,112.752159833908,1,my_hood,data/mapillary_images_new/Qycm8N0gHbjkBZCtdxMoY3/right
98.4948832840626,560060413522357_right,560060413522357_right,-7.30274372066307,112.750947475433,1,my_hood,data/mapillary_images_new/VhRsvgX03frqbokEC81T76/right
108.57539878215,859248389505500_right,859248389505500_right,-7.30263198166963,112.753806710243,1,my_hood,data/mapillary_images_new/Qycm8N0gHbjkBZCtdxMoY3/right
269.999999840241,933243288455836_right,933243288455836_right,-7.30382386282645,112.749815583229,1,,data/mapillary_images_new/VW2hY8wcJ3e4PDUjQivLGd/right
204.268763890895,1326446061869509_right,1326446061869509_right,-7.29995023745049,112.750743627548,1,my_hood,data/mapillary_images_new/VhRsvgX03frqbokEC81T76/right
16.1351670313574,1345599896603673_right,1345599896603673_right,-7.30362166892544,112.749729752541,1,,data/mapillary_images_new/VW2hY8wcJ3e4PDUjQivLGd/right
107.057903392817,1483387092356898_right,1483387092356898_right,-7.30173806871689,112.750427126884,1,my_hood,data/mapillary_images_new/Qycm8N0gHbjkBZCtdxMoY3/right
287.487244126679,1318249605858704_right,1318249605858704_right,-7.30050893548899,112.750952839851,1,my_hood,data/mapillary_images_new/VhRsvgX03frqbokEC81T76/right
288.575378870201,1812889946152658_right,1812889946152658_right,-7.30212649539806,112.750250101089,1,my_hood,data/mapillary_images_new/VhRsvgX03frqbokEC81T76/right
180,486696127368391_right,486696127368391_right,-7.30393028063234,112.750115990639,1,,data/mapillary_images_new/VW2hY8wcJ3e4PDUjQivLGd/right
103.097201023128,1747776382672475_right,1747776382672475_right,-7.30146138101219,112.753495573997,1,my_hood,data/mapillary_images_new/Qycm8N0gHbjkBZCtdxMoY3/right
204.447392944817,1776380096534294_right,1776380096534294_right,-7.30040783780042,112.749579548836,1,my_hood,data/mapillary_images_new/VhRsvgX03frqbokEC81T76/right
100.38725618741,600976042326515_right,600976042326515_right,-7.30115276760112,112.75207400322,1,my_hood,data/mapillary_images_new/Qycm8N0gHbjkBZCtdxMoY3/right
180,967092831958106_right,967092831958106_right,-7.29858807549836,112.750298380852,1,,data/mapillary_images_new/VhRsvgX03frqbokEC81T76/right
210.758218204803,1092461799243728_right,1092461799243728_right,-7.30372808677947,112.750051617622,1,,data/mapillary_images_new/VW2hY8wcJ3e4PDUjQivLGd/right
20.6997260558944,506709608489541_right,506709608489541_right,-7.3017753151256,112.749584913254,1,my_hood,data/mapillary_images_new/Qycm8N0gHbjkBZCtdxMoY3/right
232.027009505976,584426477662703_right,584426477662703_right,-7.30380790015337,112.749617099762,1,,data/mapillary_images_new/VW2hY8wcJ3e4PDUjQivLGd/right
294.620092142767,1148431253309647_right,1148431253309647_right,-7.3000885817917,112.748372554779,1,,data/mapillary_images_new/2WwrcMRsN6phxTSEt0yeKb/right
107.727369980054,1141955620891575_right,1141955620891575_right,-7.3040633028541,112.752696275711,1,,data/mapillary_images_new/wmL9oX1AljUsix742F0cZf/right
195.822637827935,1303138620716233_right,1303138620716233_right,-7.30022160515637,112.75068461895,1,my_hood,data/mapillary_images_new/VhRsvgX03frqbokEC81T76/right
106.314520142385,1106487190970467_right,1106487190970467_right,-7.30082287027103,112.750335931778,1,my_hood,data/mapillary_images_new/Qycm8N0gHbjkBZCtdxMoY3/right
20.8817371281394,952829926800893_right,952829926800893_right,-7.30021628422253,112.751457095146,1,my_hood,data/mapillary_images_new/Qycm8N0gHbjkBZCtdxMoY3/right
11.2205886229963,535410478958078_right,535410478958078_right,-7.30023224702383,112.750700712204,1,my_hood,data/mapillary_images_new/VhRsvgX03frqbokEC81T76/right
197.683462678576,1619685071966022_right,1619685071966022_right,-7.30068984708521,112.749456167221,1,my_hood,data/mapillary_images_new/VhRsvgX03frqbokEC81T76/right
102.071168283135,477118298389779_right,477118298389779_right,-7.3010782746769,112.751714587212,1,my_hood,data/mapillary_images_new/Qycm8N0gHbjkBZCtdxMoY3/right
23.2588781499998,1119952149499027_right,1119952149499027_right,-7.30359506445797,112.74967610836,1,,data/mapillary_images_new/wmL9oX1AljUsix742F0cZf/right
128.384232554794,1812167579532202_right,1812167579532202_right,-7.3041005490691,112.752385139465,1,,data/mapillary_images_new/VW2hY8wcJ3e4PDUjQivLGd/right
287.955162643522,1564204730967283_right,1564204730967283_right,-7.29934365021849,112.748882174492,1,,data/mapillary_images_new/rLKfngGP2QWN4z7hej1FIu/right
188.065068437779,582121691104786_right,582121691104786_right,-7.30030141915617,112.750663161278,1,my_hood,data/mapillary_images_new/VhRsvgX03frqbokEC81T76/right
286.516260799931,947411407486203_right,947411407486203_right,-7.30167953863979,112.7518004179,1,my_hood,data/mapillary_images_new/Qycm8N0gHbjkBZCtdxMoY3/right
282.824980567766,1186737226128594_right,1186737226128594_right,-7.30250427992867,112.751666307449,1,my_hood,data/mapillary_images_new/VhRsvgX03frqbokEC81T76/right
291.700838556682,1302286364458944_right,1302286364458944_right,-7.30307361657599,112.748678326607,1,,data/mapillary_images_new/KEYQ7cuxoq089kXALyJD6R/right
203.971948349871,605231788663145_right,605231788663145_right,-7.30015775394627,112.749708294868,1,my_hood,data/mapillary_images_new/VhRsvgX03frqbokEC81T76/right
292.413015298367,1101390731309558_right,1101390731309558_right,-7.30229676452178,112.750845551491,1,my_hood,data/mapillary_images_new/VhRsvgX03frqbokEC81T76/right
110.709861602429,3851025931837521_right,3851025931837521_right,-7.30093460971653,112.750958204269,1,my_hood,data/mapillary_images_new/VhRsvgX03frqbokEC81T76/right
192.430374841732,586027017500893_right,586027017500893_right,-7.30182320336081,112.749037742615,1,my_hood,data/mapillary_images_new/VhRsvgX03frqbokEC81T76/right
107.057913210092,457377954134879_right,457377954134879_right,-7.30200411442533,112.751424908638,1,my_hood,data/mapillary_images_new/Qycm8N0gHbjkBZCtdxMoY3/right
114.136071729522,606427468745135_right,606427468745135_right,-7.30101442358911,112.75106549263,1,my_hood,data/mapillary_images_new/Qycm8N0gHbjkBZCtdxMoY3/right
277.655953597427,3485035618457846_right,3485035618457846_right,-7.29891797447679,112.751328349113,1,,data/mapillary_images_new/Qycm8N0gHbjkBZCtdxMoY3/right
196.571273206405,2402104103467392_right,2402104103467392_right,-7.30184980793371,112.749027013779,1,my_hood,data/mapillary_images_new/VhRsvgX03frqbokEC81T76/right
286.069095853924,584828127802735_right,584828127802735_right,-7.30289270594422,112.753173708916,1,my_hood,data/mapillary_images_new/VhRsvgX03frqbokEC81T76/right
292.329859370811,890091220002034_right,890091220002034_right,-7.30236061542647,112.751086950302,1,my_hood,data/mapillary_images_new/VhRsvgX03frqbokEC81T76/right
107.785258684362,2952995391506653_right,2952995391506653_right,-7.29881687642862,112.748764157295,1,,data/mapillary_images_new/rLKfngGP2QWN4z7hej1FIu/right
50.0380801306046,910322451297166_right,910322451297166_right,-7.30358974356429,112.750223278999,1,,data/mapillary_images_new/VW2hY8wcJ3e4PDUjQivLGd/right
177.160747960376,1586033765635808_right,1586033765635808_right,-7.29839652114117,112.750319838524,1,,data/mapillary_images_new/VhRsvgX03frqbokEC81T76/right
103.097238332599,1108460911023843_right,1108460911023843_right,-7.30277564608464,112.754412889481,1,my_hood,data/mapillary_images_new/Qycm8N0gHbjkBZCtdxMoY3/right
107.955262088918,585716040881630_right,585716040881630_right,-7.3019775098616,112.751285433769,1,my_hood,data/mapillary_images_new/Qycm8N0gHbjkBZCtdxMoY3/right
286.314534203227,1779941752820197_right,1779941752820197_right,-7.30123790235649,112.750191092491,1,my_hood,data/mapillary_images_new/Qycm8N0gHbjkBZCtdxMoY3/right
103.734185923515,3714203528764364_right,3714203528764364_right,-7.301168730369,112.7521276474,1,my_hood,data/mapillary_images_new/Qycm8N0gHbjkBZCtdxMoY3/right
281.091289179809,8995540813867786_right,8995540813867786_right,-7.30209456993015,112.753474116325,1,my_hood,data/mapillary_images_new/Qycm8N0gHbjkBZCtdxMoY3/right
298.80685442562,1585619465403830_right,1585619465403830_right,-7.29883283927984,112.750421762466,1,,data/mapillary_images_new/rLKfngGP2QWN4z7hej1FIu/right
103.344887073018,1499131350750313_right,1499131350750313_right,-7.30084415397708,112.750598788261,1,my_hood,data/mapillary_images_new/VhRsvgX03frqbokEC81T76/right
103.276510444305,831710762355192_right,831710762355192_right,-7.3038611090614,112.751886248589,1,,data/mapillary_images_new/wmL9oX1AljUsix742F0cZf/right
286.314532393213,606033902117606_right,606033902117606_right,-7.30118469313629,112.754375338554,1,my_hood,data/mapillary_images_new/Qycm8N0gHbjkBZCtdxMoY3/right
0,960197955987469_right,960197955987469_right,-7.30006197711403,112.750716805458,1,my_hood,data/mapillary_images_new/VhRsvgX03frqbokEC81T76/right
271.99107790234,1760412568089323_right,1760412568089323_right,-7.30409522818144,112.750808000565,1,,data/mapillary_images_new/VW2hY8wcJ3e4PDUjQivLGd/right
283.844309243732,522713750804113_right,522713750804113_right,-7.3031268255714,112.748866081238,1,,data/mapillary_images_new/VW2hY8wcJ3e4PDUjQivLGd/right
278.816514133076,616409861048920_right,616409861048920_right,-7.29992363276457,112.750362753868,1,my_hood,data/mapillary_images_new/VhRsvgX03frqbokEC81T76/right
101.726110973598,3921674728115274_right,3921674728115274_right,-7.30122726051296,112.752374410629,1,my_hood,data/mapillary_images_new/Qycm8N0gHbjkBZCtdxMoY3/right
288.172128999661,7250388805085353_right,7250388805085353_right,-7.3032119599509,112.749182581902,1,,data/mapillary_images_new/VW2hY8wcJ3e4PDUjQivLGd/right
206.378773182896,585438977525559_right,585438977525559_right,-7.30413779528099,112.75003015995,1,,data/mapillary_images_new/wmL9oX1AljUsix742F0cZf/right
201.641061852489,581331671321230_right,581331671321230_right,-7.30058874943752,112.749499082565,1,my_hood,data/mapillary_images_new/VhRsvgX03frqbokEC81T76/right
101.726163222053,1337875110905009_right,1337875110905009_right,-7.30327581072487,112.749735116959,1,,data/mapillary_images_new/wmL9oX1AljUsix742F0cZf/right
102.190717504706,1316976022825585_right,1316976022825585_right,-7.30260005623781,112.753667235374,1,my_hood,data/mapillary_images_new/Qycm8N0gHbjkBZCtdxMoY3/right
273.037371423525,3026807114135364_right,3026807114135364_right,-7.30148798560661,112.75111913681,1,my_hood,data/mapillary_images_new/Qycm8N0gHbjkBZCtdxMoY3/right
283.601993820619,1350519489648928_right,1350519489648928_right,-7.30197218894867,112.749708294868,1,my_hood,data/mapillary_images_new/VhRsvgX03frqbokEC81T76/right
20.6996560916634,1276673626983860_right,1276673626983860_right,-7.30342479582869,112.754391431808,1,my_hood,data/mapillary_images_new/VhRsvgX03frqbokEC81T76/right
282.190676257892,1749519982506893_right,1749519982506893_right,-7.30105699098198,112.753677964211,1,my_hood,data/mapillary_images_new/Qycm8N0gHbjkBZCtdxMoY3/right
103.0971282915,573436248778005_right,573436248778005_right,-7.29888604877982,112.748978734016,1,,data/mapillary_images_new/rLKfngGP2QWN4z7hej1FIu/right
284.583535974781,2943813079102015_right,2943813079102015_right,-7.30051425641933,112.750979661942,1,my_hood,data/mapillary_images_new/VhRsvgX03frqbokEC81T76/right
105.241948373754,1006723794823958_right,1006723794823958_right,-7.3023872199674,112.752846479416,1,my_hood,data/mapillary_images_new/Qycm8N0gHbjkBZCtdxMoY3/right
286.516308035394,1100409945148372_right,1100409945148372_right,-7.30303104937511,112.753726243973,1,my_hood,data/mapillary_images_new/VhRsvgX03frqbokEC81T76/right
238.69585760004,924516796070412_right,924516796070412_right,-7.30362166892544,112.750174999237,1,,data/mapillary_images_new/VW2hY8wcJ3e4PDUjQivLGd/right
104.146419312587,607994884978428_right,607994884978428_right,-7.3020360398997,112.751532196999,1,my_hood,data/mapillary_images_new/Qycm8N0gHbjkBZCtdxMoY3/right
104.146442526319,1317614122770170_right,1317614122770170_right,-7.30279692969775,112.751199603081,1,my_hood,data/mapillary_images_new/VhRsvgX03frqbokEC81T76/right
296.752229377324,1587273048825926_right,1587273048825926_right,-7.30389835529324,112.750266194344,1,,data/mapillary_images_new/VW2hY8wcJ3e4PDUjQivLGd/right
283.097248746517,1803233780514964_right,1803233780514964_right,-7.30315875096561,112.749005556107,1,,data/mapillary_images_new/VW2hY8wcJ3e4PDUjQivLGd/right
110.709888594643,475089695613726_right,475089695613726_right,-7.30156779938041,112.754021286964,1,my_hood,data/mapillary_images_new/Qycm8N0gHbjkBZCtdxMoY3/right
29.1588804396538,1372541897061416_right,1372541897061416_right,-7.3007749819287,112.750073075294,1,my_hood,data/mapillary_images_new/Qycm8N0gHbjkBZCtdxMoY3/right
101.983061000629,564213306418275_right,564213306418275_right,-7.3018657706767,112.750909924507,1,my_hood,data/mapillary_images_new/Qycm8N0gHbjkBZCtdxMoY3/right
285.495986474421,944051960636261_right,944051960636261_right,-7.30301508667372,112.748517394066,1,,data/mapillary_images_new/KEYQ7cuxoq089kXALyJD6R/right
109.586917470273,450715058098005_right,450715058098005_right,-7.30172210596935,112.750346660614,1,my_hood,data/mapillary_images_new/Qycm8N0gHbjkBZCtdxMoY3/right
281.726159100956,8938134689604571_right,8938134689604571_right,-7.3031321464706,112.754171490669,1,my_hood,data/mapillary_images_new/VhRsvgX03frqbokEC81T76/right
99.0448180674809,560254123665260_right,560254123665260_right,-7.30381854193548,112.75174677372,1,,data/mapillary_images_new/wmL9oX1AljUsix742F0cZf/right
14.5072763384195,1112726893690566_right,1112726893690566_right,-7.30345140030629,112.754380702972,1,my_hood,data/mapillary_images_new/VhRsvgX03frqbokEC81T76/right
281.72615045981,1132428372225812_right,1132428372225812_right,-7.30279160879456,112.752728462219,1,my_hood,data/mapillary_images_new/VhRsvgX03frqbokEC81T76/right
145.385421969087,627022099853146_right,627022099853146_right,-7.30411119084425,112.750067710876,1,,data/mapillary_images_new/VW2hY8wcJ3e4PDUjQivLGd/right
190.535499786628,559217767095847_right,559217767095847_right,-7.30053021921,112.750620245934,1,my_hood,data/mapillary_images_new/VhRsvgX03frqbokEC81T76/right
198.295442979553,1577719826202659_right,1577719826202659_right,-7.30179659878632,112.749043107033,1,my_hood,data/mapillary_images_new/VhRsvgX03frqbokEC81T76/right
108.57536740871,3839387173042420_right,3839387173042420_right,-7.30182852427552,112.750781178474,1,my_hood,data/mapillary_images_new/Qycm8N0gHbjkBZCtdxMoY3/right
318.244812022567,2408897872817227_right,2408897872817227_right,-7.3041005490691,112.750121355057,1,,data/mapillary_images_new/wmL9oX1AljUsix742F0cZf/right
115.294649299694,1264148571370154_right,1264148571370154_right,-7.30288738504217,112.751553654671,1,my_hood,data/mapillary_images_new/VhRsvgX03frqbokEC81T76/right
287.955311527913,913361957600852_right,913361957600852_right,-7.30330241521135,112.749509811401,1,,data/mapillary_images_new/VW2hY8wcJ3e4PDUjQivLGd/right
227.780595704542,1103385204899098_right,1103385204899098_right,-7.30360570624515,112.750201821327,1,,data/mapillary_images_new/VW2hY8wcJ3e4PDUjQivLGd/right
357.815232738795,1141064814253717_right,1141064814253717_right,-7.29901907250212,112.751478552818,1,,data/mapillary_images_new/Qycm8N0gHbjkBZCtdxMoY3/right
96.3915973151421,514137981673247_right,514137981673247_right,-7.30153055295442,112.749735116959,1,my_hood,data/mapillary_images_new/Qycm8N0gHbjkBZCtdxMoY3/right
108.575384778058,9047880725279463_right,9047880725279463_right,-7.30227015997548,112.749112844467,1,my_hood,data/mapillary_images_new/VhRsvgX03frqbokEC81T76/right
204.447368408953,1321301379297782_right,1321301379297782_right,-7.3009239678658,112.749359607697,1,my_hood,data/mapillary_images_new/VhRsvgX03frqbokEC81T76/right
102.62794477045,926165609655271_right,926165609655271_right,-7.3009080050892,112.750840187073,1,my_hood,data/mapillary_images_new/VhRsvgX03frqbokEC81T76/right
96.8981765362798,900074125276911_right,900074125276911_right,-7.30142413457732,112.753329277039,1,my_hood,data/mapillary_images_new/Qycm8N0gHbjkBZCtdxMoY3/right
281.861775410624,674180592036492_right,674180592036492_right,-7.30125386512131,112.754788398743,1,my_hood,data/mapillary_images_new/Qycm8N0gHbjkBZCtdxMoY3/right
9.01773003266766,998193805476811_right,998193805476811_right,-7.304057981966,112.749332785606,1,,data/mapillary_images_new/GfnECFq1P5zs8ldBytcZSH/right
290.927436440963,590203240372819_right,590203240372819_right,-7.30194558438305,112.752873301506,1,my_hood,data/mapillary_images_new/Qycm8N0gHbjkBZCtdxMoY3/right
180,1133137168196345_right,1133137168196345_right,-7.29856147073143,112.750298380852,1,,data/mapillary_images_new/VhRsvgX03frqbokEC81T76/right
102.190673570962,620367113666538_right,620367113666538_right,-7.30093993064183,112.750797271729,1,my_hood,data/mapillary_images_new/Qycm8N0gHbjkBZCtdxMoY3/right
280.205725066177,9181249321925470_right,9181249321925470_right,-7.30219034632705,112.750470042229,1,my_hood,data/mapillary_images_new/VhRsvgX03frqbokEC81T76/right
277.182617407888,912366234436110_right,912366234436110_right,-7.29890733257805,112.751129865646,1,,data/mapillary_images_new/Qycm8N0gHbjkBZCtdxMoY3/right
291.194301328726,3510354359096459_right,3510354359096459_right,-7.30188705433312,112.752712368965,1,my_hood,data/mapillary_images_new/Qycm8N0gHbjkBZCtdxMoY3/right
278.494904400506,4088141744735141_right,4088141744735141_right,-7.30389303440317,112.750239372253,1,,data/mapillary_images_new/VW2hY8wcJ3e4PDUjQivLGd/right
48.5826552227323,1118540433000408_right,1118540433000408_right,-7.30326516892984,112.749547362328,1,,data/mapillary_images_new/wmL9oX1AljUsix742F0cZf/right
285.830643978608,1266153201168443_right,1266153201168443_right,-7.3014400973355,112.750926017761,1,my_hood,data/mapillary_images_new/Qycm8N0gHbjkBZCtdxMoY3/right
109.801937299123,595797709827429_right,595797709827429_right,-7.29874238311534,112.748469114304,1,,data/mapillary_images_new/rLKfngGP2QWN4z7hej1FIu/right
283.601964979473,1317777559413774_right,1317777559413774_right,-7.30099313989115,112.753350734711,1,my_hood,data/mapillary_images_new/Qycm8N0gHbjkBZCtdxMoY3/right
154.978043432822,1151566983041987_right,1151566983041987_right,-7.29958841358655,112.750722169876,1,my_hood,data/mapillary_images_new/VhRsvgX03frqbokEC81T76/right
102.824983427031,9021006721311801_right,9021006721311801_right,-7.30259473533229,112.753640413284,1,my_hood,data/mapillary_images_new/Qycm8N0gHbjkBZCtdxMoY3/right
107.487338101903,1542765893069720_right,1542765893069720_right,-7.30305765387614,112.75218129158,1,my_hood,data/mapillary_images_new/VhRsvgX03frqbokEC81T76/right
105.374016265376,1283671036113221_right,1283671036113221_right,-7.30340351224547,112.753468751907,1,my_hood,data/mapillary_images_new/VhRsvgX03frqbokEC81T76/right
281.041445146154,1149381033288571_right,1149381033288571_right,-7.30247235448772,112.751526832581,1,my_hood,data/mapillary_images_new/VhRsvgX03frqbokEC81T76/right
114.620074599694,1056873966199538_right,1056873966199538_right,-7.29971611616018,112.748662233353,1,,data/mapillary_images_new/2WwrcMRsN6phxTSEt0yeKb/right
99.8608191099786,2618465031875582_right,2618465031875582_right,-7.30162100855502,112.754294872284,1,my_hood,data/mapillary_images_new/Qycm8N0gHbjkBZCtdxMoY3/right
100.005807044522,624900026574015_right,624900026574015_right,-7.30358974356429,112.750861644745,1,,data/mapillary_images_new/wmL9oX1AljUsix742F0cZf/right
279.944892990619,2045189482662828_right,2045189482662828_right,-7.3031268255714,112.748844623566,1,,data/mapillary_images_new/KEYQ7cuxoq089kXALyJD6R/right
220.954711223698,1286245455910802_right,1286245455910802_right,-7.30395688507987,112.750110626221,1,,data/mapillary_images_new/VW2hY8wcJ3e4PDUjQivLGd/right
101.400001951645,948175057377649_right,948175057377649_right,-7.30230740633988,112.752551436424,1,my_hood,data/mapillary_images_new/Qycm8N0gHbjkBZCtdxMoY3/right
111.19425845172,590321453603724_right,590321453603724_right,-7.30088672138618,112.750759720802,1,my_hood,data/mapillary_images_new/VhRsvgX03frqbokEC81T76/right
18.2953733137734,3972164279670653_right,3972164279670653_right,-7.30362166892544,112.749665379524,1,,data/mapillary_images_new/wmL9oX1AljUsix742F0cZf/right
100.088085541432,572239735722799_right,572239735722799_right,-7.29979593025018,112.748876810074,1,,data/mapillary_images_new/2WwrcMRsN6phxTSEt0yeKb/right
272.220573826331,1558679475522620_right,1558679475522620_right,-7.29891797447679,112.751355171204,1,,data/mapillary_images_new/Qycm8N0gHbjkBZCtdxMoY3/right
280.972358193504,1284388092680317_right,1284388092680317_right,-7.30114744667839,112.754182219505,1,my_hood,data/mapillary_images_new/Qycm8N0gHbjkBZCtdxMoY3/right
205.282760271495,852646133511749_right,852646133511749_right,-7.30087075860824,112.749381065369,1,my_hood,data/mapillary_images_new/VhRsvgX03frqbokEC81T76/right
101.39998090627,1175681944000220_right,1175681944000220_right,-7.3014667019312,112.753522396088,1,my_hood,data/mapillary_images_new/Qycm8N0gHbjkBZCtdxMoY3/right
182.839248611228,947261140698245_right,947261140698245_right,-7.29893393732442,112.750228643417,1,,data/mapillary_images_new/VhRsvgX03frqbokEC81T76/right
96.1651181757706,483065758149626_right,483065758149626_right,-7.30168485955619,112.750244736671,1,my_hood,data/mapillary_images_new/Qycm8N0gHbjkBZCtdxMoY3/right
6.28916634462342,1149419950134123_right,1149419950134123_right,-7.30340883314138,112.749488353729,1,,data/mapillary_images_new/KEYQ7cuxoq089kXALyJD6R/right
199.833800967784,581418047923777_right,581418047923777_right,-7.30023756795747,112.749670743942,1,my_hood,data/mapillary_images_new/VhRsvgX03frqbokEC81T76/right
108.575402204326,571199575739076_right,571199575739076_right,-7.30272243704742,112.750867009163,1,my_hood,data/mapillary_images_new/VhRsvgX03frqbokEC81T76/right
111.282129601831,1152688399848657_right,1152688399848657_right,-7.3040313775245,112.75258898735,1,,data/mapillary_images_new/wmL9oX1AljUsix742F0cZf/right
184.363150412215,619617780718380_right,619617780718380_right,-7.30407926551806,112.752283215523,1,,data/mapillary_images_new/VW2hY8wcJ3e4PDUjQivLGd/right
0,1707941026422310_right,1707941026422310_right,-7.29924255226651,112.751478552818,1,,data/mapillary_images_new/Qycm8N0gHbjkBZCtdxMoY3/right
107.880514764597,879151137459833_right,879151137459833_right,-7.30097185619218,112.75109231472,1,my_hood,data/mapillary_images_new/VhRsvgX03frqbokEC81T76/right
101.091323224902,2601864353348442_right,2601864353348442_right,-7.30348332567732,112.753736972809,1,my_hood,data/mapillary_images_new/VhRsvgX03frqbokEC81T76/right
281.400017320365,945737637516620_right,945737637516620_right,-7.30294591496116,112.753372192383,1,my_hood,data/mapillary_images_new/VhRsvgX03frqbokEC81T76/right
108.575392419927,1289941985576215_right,1289941985576215_right,-7.30247235448772,112.7498960495,1,my_hood,data/mapillary_images_new/VhRsvgX03frqbokEC81T76/right
196.377714073761,1654583258744987_right,1654583258744987_right,-7.30190301707476,112.749010920525,1,my_hood,data/mapillary_images_new/VhRsvgX03frqbokEC81T76/right
280.088071787309,939362954811647_right,939362954811647_right,-7.29918934280894,112.748394012451,1,,data/mapillary_images_new/rLKfngGP2QWN4z7hej1FIu/right
20.617948279854,587524637569741_right,587524637569741_right,-7.30353653462397,112.749697566032,1,,data/mapillary_images_new/wmL9oX1AljUsix742F0cZf/right
289.586849567568,1686999169363986_right,1686999169363986_right,-7.3000566561783,112.748324275017,1,,data/mapillary_images_new/2WwrcMRsN6phxTSEt0yeKb/right
284.146452682241,1425708095055890_right,1425708095055890_right,-7.3031427882688,112.75422513485,1,my_hood,data/mapillary_images_new/VhRsvgX03frqbokEC81T76/right
290.709954703887,1638193386786291_right,1638193386786291_right,-7.30313746736972,112.748903632164,1,,data/mapillary_images_new/KEYQ7cuxoq089kXALyJD6R/right
269.999999897932,446900915138201_right,446900915138201_right,-7.30062599594197,112.751612663269,1,my_hood,data/mapillary_images_new/Qycm8N0gHbjkBZCtdxMoY3/right
103.869028570154,3513750358925756_right,3513750358925756_right,-7.30394092241154,112.752192020416,1,,data/mapillary_images_new/wmL9oX1AljUsix742F0cZf/right
269.999999877519,1764239557733052_right,1764239557733052_right,-7.2989020116286,112.750716805458,1,,data/mapillary_images_new/rLKfngGP2QWN4z7hej1FIu/right
106.069056264108,611581938126547_right,611581938126547_right,-7.30171678505337,112.75474011898,1,my_hood,data/mapillary_images_new/Qycm8N0gHbjkBZCtdxMoY3/right
106.51628776521,1997346614061873_right,1997346614061873_right,-7.30244042904449,112.753039598465,1,my_hood,data/mapillary_images_new/Qycm8N0gHbjkBZCtdxMoY3/right
282.361954161675,413246531778688_right,413246531778688_right,-7.3009292887912,112.753103971481,1,my_hood,data/mapillary_images_new/Qycm8N0gHbjkBZCtdxMoY3/right
97.4914784053821,902453182093166_right,902453182093166_right,-7.30176999421025,112.750561237335,1,my_hood,data/mapillary_images_new/Qycm8N0gHbjkBZCtdxMoY3/right
0,8446770272095766_right,8446770272095766_right,-7.29853486596292,112.75030374527,1,,data/mapillary_images_new/rLKfngGP2QWN4z7hej1FIu/right
277.655997306193,1110297093899130_right,1110297093899130_right,-7.30149330652532,112.7511459589,1,my_hood,data/mapillary_images_new/Qycm8N0gHbjkBZCtdxMoY3/right
0,454743117682467_right,454743117682467_right,-7.29994491651344,112.7514731884,1,my_hood,data/mapillary_images_new/Qycm8N0gHbjkBZCtdxMoY3/right
97.4914287483901,631181592699140_right,631181592699140_right,-7.2987689878715,112.748576402664,1,,data/mapillary_images_new/rLKfngGP2QWN4z7hej1FIu/right
102.824978582472,1551528672141603_right,1551528672141603_right,-7.30241914541442,112.752959132195,1,my_hood,data/mapillary_images_new/Qycm8N0gHbjkBZCtdxMoY3/right
153.621213598733,965708342106681_right,965708342106681_right,-7.30387175084223,112.749601006508,1,,data/mapillary_images_new/VW2hY8wcJ3e4PDUjQivLGd/right
21.0045961821006,1774720823286843_right,1774720823286843_right,-7.30356313909493,112.749686837196,1,,data/mapillary_images_new/wmL9oX1AljUsix742F0cZf/right
315.233406494053,596934349652963_right,596934349652963_right,-7.30398881041479,112.750523686409,1,,data/mapillary_images_new/VW2hY8wcJ3e4PDUjQivLGd/right
198.949748099417,1286236682418743_right,1286236682418743_right,-7.30157844121584,112.749118208885,1,my_hood,data/mapillary_images_new/VhRsvgX03frqbokEC81T76/right
111.962810675256,630959709397566_right,630959709397566_right,-7.302961877665,112.75182723999,1,my_hood,data/mapillary_images_new/VhRsvgX03frqbokEC81T76/right
103.601961872696,619115547268886_right,619115547268886_right,-7.30087075860824,112.750706076622,1,my_hood,data/mapillary_images_new/VhRsvgX03frqbokEC81T76/right
192.703894431919,1038962721010239_right,1038962721010239_right,-7.29880623452748,112.750271558762,1,,data/mapillary_images_new/VhRsvgX03frqbokEC81T76/right
278.195681795592,620356960670325_right,620356960670325_right,-7.30226483906603,112.75422513485,1,my_hood,data/mapillary_images_new/Qycm8N0gHbjkBZCtdxMoY3/right
281.782259700065,610255055279413_right,610255055279413_right,-7.30106763282956,112.753731608391,1,my_hood,data/mapillary_images_new/Qycm8N0gHbjkBZCtdxMoY3/right
8.06500234001396,1155641719234064_right,1155641719234064_right,-7.3040047730814,112.74934887886,1,,data/mapillary_images_new/GfnECFq1P5zs8ldBytcZSH/right
180,1372542340781514_right,1372542340781514_right,-7.29987042338801,112.750743627548,1,my_hood,data/mapillary_images_new/VhRsvgX03frqbokEC81T76/right
102.627951290079,1725986157959103_right,1725986157959103_right,-7.30114212575558,112.752020359039,1,my_hood,data/mapillary_images_new/Qycm8N0gHbjkBZCtdxMoY3/right
103.09720387453,2177042612697049_right,2177042612697049_right,-7.3015624784626,112.753989100456,1,my_hood,data/mapillary_images_new/Qycm8N0gHbjkBZCtdxMoY3/right
5.15254064959646,605985235131739_right,605985235131739_right,-7.30109955837079,112.749912142754,1,my_hood,data/mapillary_images_new/Qycm8N0gHbjkBZCtdxMoY3/right
13.4644145369456,631459419234656_right,631459419234656_right,-7.30153055295442,112.754901051521,1,my_hood,data/mapillary_images_new/Qycm8N0gHbjkBZCtdxMoY3/right
12.6244658441892,1303843107331104_right,1303843107331104_right,-7.30257877261533,112.754616737366,1,my_hood,data/mapillary_images_new/Qycm8N0gHbjkBZCtdxMoY3/right
291.606931758265,1652062835745194_right,1652062835745194_right,-7.30053554014009,112.75103867054,1,my_hood,data/mapillary_images_new/VhRsvgX03frqbokEC81T76/right
275.236686097558,509603292141080_right,509603292141080_right,-7.30382386282645,112.749842405319,1,,data/mapillary_images_new/VW2hY8wcJ3e4PDUjQivLGd/right
100.972382291942,597924472817611_right,597924472817611_right,-7.30214245813116,112.751913070679,1,my_hood,data/mapillary_images_new/Qycm8N0gHbjkBZCtdxMoY3/right
11.9995611905152,3448698145332373_right,3448698145332373_right,-7.30051957734962,112.751381993294,1,my_hood,data/mapillary_images_new/Qycm8N0gHbjkBZCtdxMoY3/right
294.953027313768,1115816309632018_right,1115816309632018_right,-7.29988638620165,112.750228643417,1,my_hood,data/mapillary_images_new/VhRsvgX03frqbokEC81T76/right
107.234299122387,571033235749307_right,571033235749307_right,-7.3016050458033,112.74997651577,1,my_hood,data/mapillary_images_new/Qycm8N0gHbjkBZCtdxMoY3/right
102.976696853491,1326449148795978_right,1326449148795978_right,-7.30109423744742,112.751795053482,1,my_hood,data/mapillary_images_new/Qycm8N0gHbjkBZCtdxMoY3/right
112.412857643344,488404164285155_right,488404164285155_right,-7.29879559262608,112.748715877533,1,,data/mapillary_images_new/rLKfngGP2QWN4z7hej1FIu/right
272.623793686501,945165900490126_right,945165900490126_right,-7.29892329542606,112.751414179802,1,,data/mapillary_images_new/Qycm8N0gHbjkBZCtdxMoY3/right
97.8278116299236,955304266574495_right,955304266574495_right,-7.29846569355739,112.755088806152,1,,data/mapillary_images_new/t7ONjKynz6e5I4fvDqAYBW/right
123.905753242573,1907459259778479_right,1907459259778479_right,-7.30222227178814,112.748946547508,1,my_hood,data/mapillary_images_new/VhRsvgX03frqbokEC81T76/right
107.880466549955,2402128190132599_right,2402128190132599_right,-7.29968419052018,112.748554944992,1,,data/mapillary_images_new/2WwrcMRsN6phxTSEt0yeKb/right
32.2602918221255,614678444309826_right,614678444309826_right,-7.30097185619218,112.74997651577,1,my_hood,data/mapillary_images_new/Qycm8N0gHbjkBZCtdxMoY3/right
18.9496636626213,1782208615904003_right,1782208615904003_right,-7.30372808677947,112.749708294868,1,,data/mapillary_images_new/VW2hY8wcJ3e4PDUjQivLGd/right
283.344898421009,1237398280652941_right,1237398280652941_right,-7.30124854419977,112.750217914581,1,my_hood,data/mapillary_images_new/Qycm8N0gHbjkBZCtdxMoY3/right
100.387284183316,942921410726968_right,942921410726968_right,-7.3023872199674,112.749627828598,1,my_hood,data/mapillary_images_new/VhRsvgX03frqbokEC81T76/right
289.068226032727,1700809550860927_right,1700809550860927_right,-7.30156779938041,112.751387357712,1,my_hood,data/mapillary_images_new/Qycm8N0gHbjkBZCtdxMoY3/right
11.5971315330048,8868200846633509_right,8868200846633509_right,-7.30261069804868,112.754611372948,1,my_hood,data/mapillary_images_new/Qycm8N0gHbjkBZCtdxMoY3/right
102.297209794276,1312622393091987_right,1312622393091987_right,-7.30236061542647,112.752739191055,1,my_hood,data/mapillary_images_new/Qycm8N0gHbjkBZCtdxMoY3/right
279.94488998485,1645245456031253_right,1645245456031253_right,-7.30298848217015,112.748404741287,1,,data/mapillary_images_new/KEYQ7cuxoq089kXALyJD6R/right
199.650660853456,1767246547385491_right,1767246547385491_right,-7.30174338963261,112.749064564705,1,my_hood,data/mapillary_images_new/VhRsvgX03frqbokEC81T76/right
151.893575833999,1755859281651939_right,1755859281651939_right,-7.30220098814767,112.748930454254,1,my_hood,data/mapillary_images_new/VhRsvgX03frqbokEC81T76/right
194.357857830109,2411986572518817_right,2411986572518817_right,-7.30044508431992,112.750636339188,1,my_hood,data/mapillary_images_new/VhRsvgX03frqbokEC81T76/right
191.675492647991,899159755738182_right,899159755738182_right,-7.30144541825476,112.749161124229,1,my_hood,data/mapillary_images_new/VhRsvgX03frqbokEC81T76/right
101.399993795361,440814542431393_right,440814542431393_right,-7.30198283077448,112.751312255859,1,my_hood,data/mapillary_images_new/Qycm8N0gHbjkBZCtdxMoY3/right
201.093454274839,2368016186881791_right,2368016186881791_right,-7.30009922366233,112.748828530312,1,,data/mapillary_images_new/2WwrcMRsN6phxTSEt0yeKb/right
115.741870646589,575458245351151_right,575458245351151_right,-7.2988275183295,112.748790979385,1,,data/mapillary_images_new/rLKfngGP2QWN4z7hej1FIu/right
300.459783343164,502972078898153_right,502972078898153_right,-7.29980125118902,112.750051617622,1,my_hood,data/mapillary_images_new/VhRsvgX03frqbokEC81T76/right
284.735234779302,1300463744609431_right,1300463744609431_right,-7.30195090529629,112.749654650688,1,my_hood,data/mapillary_images_new/VhRsvgX03frqbokEC81T76/right
104.648251815951,1146053826956063_right,1146053826956063_right,-7.30360038535159,112.754176855087,1,my_hood,data/mapillary_images_new/VhRsvgX03frqbokEC81T76/right
281.983028418824,568090609443202_right,568090609443202_right,-7.30062599594197,112.751585841179,1,my_hood,data/mapillary_images_new/Qycm8N0gHbjkBZCtdxMoY3/right
100.704488753006,1150193730061233_right,1150193730061233_right,-7.30209989084162,112.75174677372,1,my_hood,data/mapillary_images_new/Qycm8N0gHbjkBZCtdxMoY3/right
100.387291131399,1257909938774081_right,1257909938774081_right,-7.30268519071763,112.754026651382,1,my_hood,data/mapillary_images_new/Qycm8N0gHbjkBZCtdxMoY3/right
281.861772274537,578815438123523_right,578815438123523_right,-7.30113148390976,112.754037380219,1,my_hood,data/mapillary_images_new/Qycm8N0gHbjkBZCtdxMoY3/right
105.185950522859,399002883239019_right,399002883239019_right,-7.29970547428043,112.748635411263,1,,data/mapillary_images_new/2WwrcMRsN6phxTSEt0yeKb/right
292.644679853161,1371491584228531_right,1371491584228531_right,-7.30055682385982,112.75109231472,1,my_hood,data/mapillary_images_new/VhRsvgX03frqbokEC81T76/right
290.133453175298,2329293750768786_right,2329293750768786_right,-7.30281821330985,112.75283575058,1,my_hood,data/mapillary_images_new/VhRsvgX03frqbokEC81T76/right
12.8927467319805,945218243807765_right,945218243807765_right,-7.30269051162206,112.754595279694,1,my_hood,data/mapillary_images_new/Qycm8N0gHbjkBZCtdxMoY3/right
195.822645831865,953692579742503_right,953692579742503_right,-7.29997684213481,112.749794125557,1,my_hood,data/mapillary_images_new/VhRsvgX03frqbokEC81T76/right
288.575374767739,1315249263160171_right,1315249263160171_right,-7.30202007716281,112.749869227409,1,my_hood,data/mapillary_images_new/VhRsvgX03frqbokEC81T76/right
187.293422709209,904212988555898_right,904212988555898_right,-7.30035994941363,112.75065779686,1,my_hood,data/mapillary_images_new/VhRsvgX03frqbokEC81T76/right
279.944850549717,1130204418764245_right,1130204418764245_right,-7.30117405129148,112.754316329956,1,my_hood,data/mapillary_images_new/Qycm8N0gHbjkBZCtdxMoY3/right
6.47204723614203,971539158162200_right,971539158162200_right,-7.3041058699567,112.750148177147,1,,data/mapillary_images_new/VW2hY8wcJ3e4PDUjQivLGd/right
103.734102776214,1500643537297955_right,1500643537297955_right,-7.29835395349511,112.754321694374,1,,data/mapillary_images_new/t7ONjKynz6e5I4fvDqAYBW/right
0,627756676253009_right,627756676253009_right,-7.30002473056261,112.751478552818,1,my_hood,data/mapillary_images_new/Qycm8N0gHbjkBZCtdxMoY3/right
100.972379212778,958344406230552_right,958344406230552_right,-7.30201475625037,112.751451730728,1,my_hood,data/mapillary_images_new/Qycm8N0gHbjkBZCtdxMoY3/right
15.8226344877236,2127179504351669_right,2127179504351669_right,-7.30032802381962,112.751430273056,1,my_hood,data/mapillary_images_new/Qycm8N0gHbjkBZCtdxMoY3/right
117.951313058158,471257265706392_right,471257265706392_right,-7.30269583252645,112.750786542892,1,my_hood,data/mapillary_images_new/VhRsvgX03frqbokEC81T76/right
287.121683277836,1360009192047769_right,1360009192047769_right,-7.30288738504217,112.753146886826,1,my_hood,data/mapillary_images_new/VhRsvgX03frqbokEC81T76/right
15.8225170482571,1678564589704323_right,1678564589704323_right,-7.30381322104448,112.749413251877,1,,data/mapillary_images_new/KEYQ7cuxoq089kXALyJD6R/right
13.5933717698524,520288886990322_right,520288886990322_right,-7.30389303440317,112.750148177147,1,,data/mapillary_images_new/VW2hY8wcJ3e4PDUjQivLGd/right
289.94811372406,1427024262035522_right,1427024262035522_right,-7.30391431796308,112.750319838524,1,,data/mapillary_images_new/VW2hY8wcJ3e4PDUjQivLGd/right
224.766829186132,1381260556187502_right,1381260556187502_right,-7.30030674008898,112.749633193016,1,my_hood,data/mapillary_images_new/VhRsvgX03frqbokEC81T76/right
103.097193588935,1392608062376177_right,1392608062376177_right,-7.30119533498083,112.75223493576,1,my_hood,data/mapillary_images_new/Qycm8N0gHbjkBZCtdxMoY3/right
108.57543186023,1516493145706130_right,1516493145706130_right,-7.30348332567732,112.750475406647,1,,data/mapillary_images_new/wmL9oX1AljUsix742F0cZf/right
285.37398264184,803095551981357_right,803095551981357_right,-7.30239254087539,112.751199603081,1,my_hood,data/mapillary_images_new/VhRsvgX03frqbokEC81T76/right
290.880432513991,1041947427701741_right,1041947427701741_right,-7.30140285089887,112.75079190731,1,my_hood,data/mapillary_images_new/Qycm8N0gHbjkBZCtdxMoY3/right
199.034750029051,3429176010710585_right,3429176010710585_right,-7.30076966100145,112.749429345131,1,my_hood,data/mapillary_images_new/VhRsvgX03frqbokEC81T76/right
9.38697808565411,572181958997608_right,572181958997608_right,-7.30082287027103,112.751280069351,1,my_hood,data/mapillary_images_new/VhRsvgX03frqbokEC81T76/right
24.8385312798281,3538139939812351_right,3538139939812351_right,-7.3027703251812,112.754568457603,1,my_hood,data/mapillary_images_new/Qycm8N0gHbjkBZCtdxMoY3/right
283.734213935898,1777588963021716_right,1777588963021716_right,-7.30213713722019,112.753640413284,1,my_hood,data/mapillary_images_new/Qycm8N0gHbjkBZCtdxMoY3/right
98.4948042640177,912008640913712_right,912008640913712_right,-7.29851890310105,112.755544781685,1,,data/mapillary_images_new/t7ONjKynz6e5I4fvDqAYBW/right
283.344926722193,532624846492479_right,532624846492479_right,-7.3022275926981,112.754026651382,1,my_hood,data/mapillary_images_new/Qycm8N0gHbjkBZCtdxMoY3/right
163.428797908479,1713501985890529_right,1713501985890529_right,-7.30389835529324,112.749606370926,1,,data/mapillary_images_new/VW2hY8wcJ3e4PDUjQivLGd/right
0,1495492491147725_right,1495492491147725_right,-7.29980657212778,112.751478552818,1,my_hood,data/mapillary_images_new/Qycm8N0gHbjkBZCtdxMoY3/right
280.088139019035,2121229901668457_right,2121229901668457_right,-7.30223823451782,112.754080295563,1,my_hood,data/mapillary_images_new/Qycm8N0gHbjkBZCtdxMoY3/right
283.734198805626,895003072621273_right,895003072621273_right,-7.30162100855502,112.751580476761,1,my_hood,data/mapillary_images_new/Qycm8N0gHbjkBZCtdxMoY3/right
110.709963652327,1095103662361707_right,1095103662361707_right,-7.30333966148973,112.749981880188,1,,data/mapillary_images_new/wmL9oX1AljUsix742F0cZf/right
108.575425554175,1074167401126975_right,1074167401126975_right,-7.30332369879937,112.753200531006,1,my_hood,data/mapillary_images_new/VhRsvgX03frqbokEC81T76/right
101.782315090843,1252496502529792_right,1252496502529792_right,-7.30321728084907,112.752787470818,1,my_hood,data/mapillary_images_new/VhRsvgX03frqbokEC81T76/right
282.19065291298,1305564090755791_right,1305564090755791_right,-7.30017903768398,112.748667597771,1,,data/mapillary_images_new/2WwrcMRsN6phxTSEt0yeKb/right
286.06910478995,597038049952619_right,597038049952619_right,-7.30315343006673,112.748978734016,1,,data/mapillary_images_new/VW2hY8wcJ3e4PDUjQivLGd/right
283.677222588253,608570934872612_right,608570934872612_right,-7.30145073917397,112.750952839851,1,my_hood,data/mapillary_images_new/Qycm8N0gHbjkBZCtdxMoY3/right
104.53372948021,600883918981239_right,600883918981239_right,-7.30269583252645,112.754053473473,1,my_hood,data/mapillary_images_new/Qycm8N0gHbjkBZCtdxMoY3/right
269.999999891929,575864761895651_right,575864761895651_right,-7.2989020116286,112.751076221466,1,,data/mapillary_images_new/Qycm8N0gHbjkBZCtdxMoY3/right
289.68424759038,1140279384471919_right,1140279384471919_right,-7.30414311616816,112.751027941704,1,,data/mapillary_images_new/VW2hY8wcJ3e4PDUjQivLGd/right
102.628022083395,9098691560196478_right,9098691560196478_right,-7.30373340767152,112.751441001892,1,,data/mapillary_images_new/wmL9oX1AljUsix742F0cZf/right
100.088053587368,1387454922124307_right,1387454922124307_right,-7.29834863253907,112.754294872284,1,,data/mapillary_images_new/t7ONjKynz6e5I4fvDqAYBW/right
102.627886013904,626219076569900_right,626219076569900_right,-7.29875834596923,112.748522758484,1,,data/mapillary_images_new/rLKfngGP2QWN4z7hej1FIu/right
8.06510200318684,9322801941084465_right,9322801941084465_right,-7.29842312591791,112.750314474106,1,,data/mapillary_images_new/rLKfngGP2QWN4z7hej1FIu/right
100.205643121789,2069179933597689_right,2069179933597689_right,-7.29850826119284,112.755405306816,1,,data/mapillary_images_new/t7ONjKynz6e5I4fvDqAYBW/right
99.5383087867706,1124733468688531_right,1124733468688531_right,-7.30368551964091,112.751280069351,1,,data/mapillary_images_new/wmL9oX1AljUsix742F0cZf/right
286.828043662413,3929329787389223_right,3929329787389223_right,-7.30061003315473,112.751537561417,1,my_hood,data/mapillary_images_new/Qycm8N0gHbjkBZCtdxMoY3/right
99.8608270894389,1297402961581360_right,1297402961581360_right,-7.30198815168728,112.75133907795,1,my_hood,data/mapillary_images_new/Qycm8N0gHbjkBZCtdxMoY3/right
263.101816548538,1721297108450964_right,1721297108450964_right,-7.30188173341911,112.752594351768,1,my_hood,data/mapillary_images_new/Qycm8N0gHbjkBZCtdxMoY3/right
102.190688307775,1267197754562765_right,1267197754562765_right,-7.30149862744395,112.753688693047,1,my_hood,data/mapillary_images_new/Qycm8N0gHbjkBZCtdxMoY3/right
103.344936876661,609774974749353_right,609774974749353_right,-7.30256813080372,112.753527760506,1,my_hood,data/mapillary_images_new/Qycm8N0gHbjkBZCtdxMoY3/right
275.010190182438,563942566466935_right,563942566466935_right,-7.30393028063234,112.750400304794,1,,data/mapillary_images_new/VW2hY8wcJ3e4PDUjQivLGd/right
104.494096640498,1754273345362943_right,1754273345362943_right,-7.30357378088286,112.750808000565,1,,data/mapillary_images_new/wmL9oX1AljUsix742F0cZf/right
298.806855967289,967018631987830_right,967018631987830_right,-7.29885944403063,112.750470042229,1,,data/mapillary_images_new/rLKfngGP2QWN4z7hej1FIu/right
290.287524076507,996838038952348_right,996838038952348_right,-7.30087607953428,112.752825021744,1,my_hood,data/mapillary_images_new/Qycm8N0gHbjkBZCtdxMoY3/right
282.628030828907,1351388572511533_right,1351388572511533_right,-7.3040633028541,112.752310037613,1,,data/mapillary_images_new/VW2hY8wcJ3e4PDUjQivLGd/right
3.15410702663149,2355114068155298_right,2355114068155298_right,-7.30013647020753,112.7514731884,1,my_hood,data/mapillary_images_new/Qycm8N0gHbjkBZCtdxMoY3/right
285.047990335544,592123670209719_right,592123670209719_right,-7.30217970450619,112.75041103363,1,my_hood,data/mapillary_images_new/VhRsvgX03frqbokEC81T76/right
102.190605983152,567101799576262_right,567101799576262_right,-7.29838587923004,112.754546999931,1,,data/mapillary_images_new/t7ONjKynz6e5I4fvDqAYBW/right
343.028015704748,544530015251013_right,544530015251013_right,-7.3032119599509,112.754439711571,1,my_hood,data/mapillary_images_new/VhRsvgX03frqbokEC81T76/right
115.527161996124,1288525449083242_right,1288525449083242_right,-7.30235529451809,112.749493718147,1,my_hood,data/mapillary_images_new/VhRsvgX03frqbokEC81T76/right
286.587264363243,617969894074725_right,617969894074725_right,-7.30299380307099,112.748453021049,1,,data/mapillary_images_new/VW2hY8wcJ3e4PDUjQivLGd/right
98.1956190540392,477603101661693_right,477603101661693_right,-7.29877962977352,112.748662233353,1,,data/mapillary_images_new/rLKfngGP2QWN4z7hej1FIu/right
106.988350123371,1526235044756826_right,1526235044756826_right,-7.30255748899184,112.753500938416,1,my_hood,data/mapillary_images_new/Qycm8N0gHbjkBZCtdxMoY3/right
109.169898307193,1143768707360640_right,1143768707360640_right,-7.30310554197401,112.752374410629,1,my_hood,data/mapillary_images_new/VhRsvgX03frqbokEC81T76/right
214.998207309548,476621002136878_right,476621002136878_right,-7.29991299088978,112.748892903328,1,,data/mapillary_images_new/2WwrcMRsN6phxTSEt0yeKb/right
111.318840087235,8696339570488640_right,8696339570488640_right,-7.30287142233566,112.75150001049,1,my_hood,data/mapillary_images_new/VhRsvgX03frqbokEC81T76/right
105.3740207539,599992659651409_right,599992659651409_right,-7.30354185551829,112.753962278366,1,my_hood,data/mapillary_images_new/VhRsvgX03frqbokEC81T76/right
287.330813521495,602173562443562_right,602173562443562_right,-7.30316939276318,112.749037742615,1,,data/mapillary_images_new/VW2hY8wcJ3e4PDUjQivLGd/right
289.947957878133,4031804010400293_right,4031804010400293_right,-7.30011518646781,112.74847984314,1,,data/mapillary_images_new/2WwrcMRsN6phxTSEt0yeKb/right
95.756969013531,1011013224193044_right,1011013224193044_right,-7.3017327478011,112.754793763161,1,my_hood,data/mapillary_images_new/Qycm8N0gHbjkBZCtdxMoY3/right
295.52703240504,1115397816334422_right,1115397816334422_right,-7.29975868367663,112.74997651577,1,my_hood,data/mapillary_images_new/VhRsvgX03frqbokEC81T76/right
273.721474096418,2986791348152912_right,2986791348152912_right,-7.30089736323781,112.752937674522,1,my_hood,data/mapillary_images_new/Qycm8N0gHbjkBZCtdxMoY3/right
102.824966677393,935361714896981_right,935361714896981_right,-7.30199347260003,112.75136590004,1,my_hood,data/mapillary_images_new/Qycm8N0gHbjkBZCtdxMoY3/right
98.9520926769516,477640095005234_right,477640095005234_right,-7.30167953863979,112.754573822021,1,my_hood,data/mapillary_images_new/Qycm8N0gHbjkBZCtdxMoY3/right
101.04145295357,1257094302181442_right,1257094302181442_right,-7.30277564608464,112.751113772392,1,my_hood,data/mapillary_images_new/VhRsvgX03frqbokEC81T76/right
21.6409276154936,1982047775644115_right,1982047775644115_right,-7.30364827339132,112.749440073967,1,,data/mapillary_images_new/KEYQ7cuxoq089kXALyJD6R/right
295.196124577392,563234159950715_right,563234159950715_right,-7.30142413457732,112.750872373581,1,my_hood,data/mapillary_images_new/Qycm8N0gHbjkBZCtdxMoY3/right
175.947395984056,629047382790895_right,629047382790895_right,-7.30080158656396,112.750566601753,1,my_hood,data/mapillary_images_new/VhRsvgX03frqbokEC81T76/right
293.555718615282,598845639224233_right,598845639224233_right,-7.30309490017491,112.748731970787,1,,data/mapillary_images_new/KEYQ7cuxoq089kXALyJD6R/right
283.237609577078,1085012900036353_right,1085012900036353_right,-7.30081222841763,112.752524614334,1,my_hood,data/mapillary_images_new/Qycm8N0gHbjkBZCtdxMoY3/right
18.2953556198353,570795575933491_right,570795575933491_right,-7.30408458640591,112.749327421188,1,,data/mapillary_images_new/GfnECFq1P5zs8ldBytcZSH/right
104.94232728652,639196778584190_right,639196778584190_right,-7.30272243704742,112.754192948341,1,my_hood,data/mapillary_images_new/Qycm8N0gHbjkBZCtdxMoY3/right
105.241989083093,2047515879005051_right,2047515879005051_right,-7.30364295249827,112.751081585884,1,,data/mapillary_images_new/wmL9oX1AljUsix742F0cZf/right
284.146324095538,8662790333846290_right,8662790333846290_right,-7.29890733257805,112.751103043556,1,,data/mapillary_images_new/Qycm8N0gHbjkBZCtdxMoY3/right
111.661071363409,572666908992290_right,572666908992290_right,-7.30329177341694,112.753061056137,1,my_hood,data/mapillary_images_new/VhRsvgX03frqbokEC81T76/right
281.726124437755,2073312036462846_right,2073312036462846_right,-7.3017753151256,112.752165198326,1,my_hood,data/mapillary_images_new/Qycm8N0gHbjkBZCtdxMoY3/right
105.241948140583,1158995852230830_right,1158995852230830_right,-7.30238189905934,112.752819657326,1,my_hood,data/mapillary_images_new/Qycm8N0gHbjkBZCtdxMoY3/right
256.655026843609,1163752551748439_right,1163752551748439_right,-7.30382918371734,112.7498960495,1,,data/mapillary_images_new/VW2hY8wcJ3e4PDUjQivLGd/right
281.399969895282,1130355228716223_right,1130355228716223_right,-7.30102506543771,112.75354385376,1,my_hood,data/mapillary_images_new/Qycm8N0gHbjkBZCtdxMoY3/right
281.399924106942,1095117195629134_right,1095117195629134_right,-7.29918402186283,112.748367190361,1,,data/mapillary_images_new/rLKfngGP2QWN4z7hej1FIu/right
287.057951881551,1280544359854818_right,1280544359854818_right,-7.30310022107449,112.748780250549,1,,data/mapillary_images_new/VW2hY8wcJ3e4PDUjQivLGd/right
116.752004890946,546888608332351_right,546888608332351_right,-7.2995298832281,112.750571966171,1,my_hood,data/mapillary_images_new/VhRsvgX03frqbokEC81T76/right
97.1826998443219,883037777057512_right,883037777057512_right,-7.30408458640591,112.752331495285,1,,data/mapillary_images_new/VW2hY8wcJ3e4PDUjQivLGd/right
296.752089523868,3836903546575320_right,3836903546575320_right,-7.30117937221391,112.749971151352,1,my_hood,data/mapillary_images_new/Qycm8N0gHbjkBZCtdxMoY3/right
103.429443858799,518316601233459_right,518316601233459_right,-7.29848697737562,112.755260467529,1,,data/mapillary_images_new/t7ONjKynz6e5I4fvDqAYBW/right
281.091292713277,1709318839634667_right,1709318839634667_right,-7.30224355542758,112.754107117653,1,my_hood,data/mapillary_images_new/Qycm8N0gHbjkBZCtdxMoY3/right
281.041459639096,1099196085241714_right,1099196085241714_right,-7.30307361657599,112.75392472744,1,my_hood,data/mapillary_images_new/VhRsvgX03frqbokEC81T76/right
96.0577770805761,560691430130287_right,560691430130287_right,-7.30224355542758,112.749000191689,1,my_hood,data/mapillary_images_new/VhRsvgX03frqbokEC81T76/right
285.048020374821,3535516606757949_right,3535516606757949_right,-7.30311618377283,112.748812437057,1,,data/mapillary_images_new/KEYQ7cuxoq089kXALyJD6R/right
105.763791432631,4009228962689935_right,4009228962689935_right,-7.30147734376904,112.753576040268,1,my_hood,data/mapillary_images_new/Qycm8N0gHbjkBZCtdxMoY3/right
282.976745587365,2945377502282265_right,2945377502282265_right,-7.30285013872609,112.752980589867,1,my_hood,data/mapillary_images_new/VhRsvgX03frqbokEC81T76/right
282.824979973255,1907973409727458_right,1907973409727458_right,-7.30248831720849,112.751585841179,1,my_hood,data/mapillary_images_new/VhRsvgX03frqbokEC81T76/right
101.041408837316,1133613134280074_right,1133613134280074_right,-7.30094525156704,112.750824093819,1,my_hood,data/mapillary_images_new/Qycm8N0gHbjkBZCtdxMoY3/right
195.13711773549,908677041047333_right,908677041047333_right,-7.30139220905926,112.749177217484,1,my_hood,data/mapillary_images_new/VhRsvgX03frqbokEC81T76/right
13.9269051564909,2106311813119261_right,2106311813119261_right,-7.30041315873197,112.751414179802,1,my_hood,data/mapillary_images_new/Qycm8N0gHbjkBZCtdxMoY3/right
292.413055086053,958532082904026_right,958532082904026_right,-7.30318003456048,112.749069929123,1,,data/mapillary_images_new/KEYQ7cuxoq089kXALyJD6R/right
299.252923635333,1162878288776856_right,1162878288776856_right,-7.29880091357681,112.750373482704,1,,data/mapillary_images_new/rLKfngGP2QWN4z7hej1FIu/right
190.535534932297,1307642380365425_right,1307642380365425_right,-7.29900310965755,112.749246954918,1,,data/mapillary_images_new/rLKfngGP2QWN4z7hej1FIu/right
102.627994581405,2000533137041130_right,2000533137041130_right,-7.30272775795143,112.754219770432,1,my_hood,data/mapillary_images_new/Qycm8N0gHbjkBZCtdxMoY3/right
4.72522025303908,1271581520788252_right,1271581520788252_right,-7.29856147073143,112.750298380852,1,,data/mapillary_images_new/rLKfngGP2QWN4z7hej1FIu/right
107.23432955584,1983953532104534_right,1983953532104534_right,-7.30244574995186,112.753066420555,1,my_hood,data/mapillary_images_new/Qycm8N0gHbjkBZCtdxMoY3/right
196.135239729368,882137087126246_right,882137087126246_right,-7.30149862744395,112.749139666557,1,my_hood,data/mapillary_images_new/VhRsvgX03frqbokEC81T76/right
84.2430035366331,1142666807455519_right,1142666807455519_right,-7.30389303440317,112.749681472778,1,,data/mapillary_images_new/VW2hY8wcJ3e4PDUjQivLGd/right
112.27244830368,1763977114358009_right,1763977114358009_right,-7.29830606488844,112.754096388817,1,,data/mapillary_images_new/t7ONjKynz6e5I4fvDqAYBW/right
2.8392504574382,3986964561622837_right,3986964561622837_right,-7.29870513645403,112.750293016434,1,,data/mapillary_images_new/rLKfngGP2QWN4z7hej1FIu/right
104.494096378944,3744569449189207_right,3744569449189207_right,-7.30356845998892,112.750781178474,1,,data/mapillary_images_new/wmL9oX1AljUsix742F0cZf/right
295.742125803417,1791938724686550_right,1791938724686550_right,-7.3039196388529,112.750346660614,1,,data/mapillary_images_new/VW2hY8wcJ3e4PDUjQivLGd/right
292.785950930083,1125243635892692_right,1125243635892692_right,-7.30129111157035,112.750352025032,1,my_hood,data/mapillary_images_new/Qycm8N0gHbjkBZCtdxMoY3/right
281.399996681561,614712470965416_right,614712470965416_right,-7.30211585357567,112.753559947014,1,my_hood,data/mapillary_images_new/Qycm8N0gHbjkBZCtdxMoY3/right
281.782300204423,1236695294280798_right,1236695294280798_right,-7.30265858619441,112.75223493576,1,my_hood,data/mapillary_images_new/VhRsvgX03frqbokEC81T76/right
286.828086431953,3878297615717406_right,3878297615717406_right,-7.30181256153121,112.752326130867,1,my_hood,data/mapillary_images_new/Qycm8N0gHbjkBZCtdxMoY3/right
203.458674969386,989219753062769_right,989219753062769_right,-7.29875302501799,112.750293016434,1,,data/mapillary_images_new/VhRsvgX03frqbokEC81T76/right
103.344902054806,466451886238938_right,466451886238938_right,-7.30135496261865,112.752996683121,1,my_hood,data/mapillary_images_new/Qycm8N0gHbjkBZCtdxMoY3/right
284.942310876675,1977593645983288_right,1977593645983288_right,-7.30222227178814,112.753999829292,1,my_hood,data/mapillary_images_new/Qycm8N0gHbjkBZCtdxMoY3/right
284.146407681594,539440309094999_right,539440309094999_right,-7.30166357589015,112.75174677372,1,my_hood,data/mapillary_images_new/Qycm8N0gHbjkBZCtdxMoY3/right
100.205697368294,992405986046286_right,992405986046286_right,-7.3009292887912,112.75073826313,1,my_hood,data/mapillary_images_new/Qycm8N0gHbjkBZCtdxMoY3/right
109.114266790112,1799312887586391_right,1799312887586391_right,-7.30112616298675,112.751934528351,1,my_hood,data/mapillary_images_new/Qycm8N0gHbjkBZCtdxMoY3/right
113.599421665851,623383560357614_right,623383560357614_right,-7.30285013872609,112.75141954422,1,my_hood,data/mapillary_images_new/VhRsvgX03frqbokEC81T76/right
212.407651026852,963922738978196_right,963922738978196_right,-7.30408458640591,112.750073075294,1,,data/mapillary_images_new/VW2hY8wcJ3e4PDUjQivLGd/right
0,469056199295443_right,469056199295443_right,-7.29862000121658,112.750298380852,1,,data/mapillary_images_new/rLKfngGP2QWN4z7hej1FIu/right
283.67715959382,938504218251416_right,938504218251416_right,-7.29930640360728,112.748774886131,1,,data/mapillary_images_new/rLKfngGP2QWN4z7hej1FIu/right
109.684192859492,1242583110141561_right,1242583110141561_right,-7.30278628789132,112.7511459589,1,my_hood,data/mapillary_images_new/VhRsvgX03frqbokEC81T76/right
13.9268941587979,1125410449088725_right,1125410449088725_right,-7.30076966100145,112.751290798187,1,my_hood,data/mapillary_images_new/VhRsvgX03frqbokEC81T76/right
294.320194415367,1585782752819770_right,1585782752819770_right,-7.30258941442669,112.751993536949,1,my_hood,data/mapillary_images_new/VhRsvgX03frqbokEC81T76/right
353.710779906616,1244791903299227_right,1244791903299227_right,-7.29958309264519,112.751478552818,1,my_hood,data/mapillary_images_new/Qycm8N0gHbjkBZCtdxMoY3/right
285.373976582472,423804094145733_right,423804094145733_right,-7.30220630905788,112.753913998604,1,my_hood,data/mapillary_images_new/Qycm8N0gHbjkBZCtdxMoY3/right
15.4041685767434,582107881129340_right,582107881129340_right,-7.30335562417952,112.749493718147,1,,data/mapillary_images_new/KEYQ7cuxoq089kXALyJD6R/right
202.086114165294,619133550512161_right,619133550512161_right,-7.29932236644103,112.749134302139,1,,data/mapillary_images_new/rLKfngGP2QWN4z7hej1FIu/right
106.828054941997,1237479027334631_right,1237479027334631_right,-7.30091332601479,112.750872373581,1,my_hood,data/mapillary_images_new/VhRsvgX03frqbokEC81T76/right
180,591301077194043_right,591301077194043_right,-7.29834331158295,112.750319838524,1,,data/mapillary_images_new/VhRsvgX03frqbokEC81T76/right
98.8165326550651,945895937499229_right,945895937499229_right,-7.30086543768213,112.750529050827,1,my_hood,data/mapillary_images_new/Qycm8N0gHbjkBZCtdxMoY3/right
10.6989020194408,1654693868780352_right,1654693868780352_right,-7.3003705912778,112.750673890114,1,my_hood,data/mapillary_images_new/VhRsvgX03frqbokEC81T76/right
283.778871355901,2007218676408452_right,2007218676408452_right,-7.30292995225673,112.753313183784,1,my_hood,data/mapillary_images_new/VhRsvgX03frqbokEC81T76/right
272.405412686301,888195496810849_right,888195496810849_right,-7.29890733257805,112.750883102417,1,,data/mapillary_images_new/rLKfngGP2QWN4z7hej1FIu/right
199.506621414228,1311786766665021_right,1311786766665021_right,-7.29921594753851,112.749177217484,1,,data/mapillary_images_new/rLKfngGP2QWN4z7hej1FIu/right
198.295487887035,462413836906850_right,462413836906850_right,-7.30061003315473,112.749488353729,1,my_hood,data/mapillary_images_new/VhRsvgX03frqbokEC81T76/right
285.373943609896,1554213041927749_right,1554213041927749_right,-7.30119533498083,112.750024795532,1,my_hood,data/mapillary_images_new/Qycm8N0gHbjkBZCtdxMoY3/right
2.70424931857008,1728375994679582_right,1728375994679582_right,-7.29943942720455,112.751478552818,1,,data/mapillary_images_new/Qycm8N0gHbjkBZCtdxMoY3/right
294.744108731975,1512328722805644_right,1512328722805644_right,-7.30302572847469,112.748544216156,1,,data/mapillary_images_new/KEYQ7cuxoq089kXALyJD6R/right
282.627976268101,845847800894108_right,845847800894108_right,-7.3020679653718,112.75003015995,1,my_hood,data/mapillary_images_new/VhRsvgX03frqbokEC81T76/right
339.439796170953,941321667967901_right,941321667967901_right,-7.30398881041479,112.750137448311,1,,data/mapillary_images_new/VW2hY8wcJ3e4PDUjQivLGd/right
106.828146526369,629794779707536_right,629794779707536_right,-7.30349928836199,112.753795981407,1,my_hood,data/mapillary_images_new/VhRsvgX03frqbokEC81T76/right
283.734196435651,1333121634350073_right,1333121634350073_right,-7.30154119479072,112.751306891441,1,my_hood,data/mapillary_images_new/Qycm8N0gHbjkBZCtdxMoY3/right
94.4344925588086,1131470605177278_right,1131470605177278_right,-7.29842312591791,112.754745483398,1,,data/mapillary_images_new/t7ONjKynz6e5I4fvDqAYBW/right
135.233414637597,1704638843426105_right,1704638843426105_right,-7.30411651173172,112.752406597137,1,,data/mapillary_images_new/VW2hY8wcJ3e4PDUjQivLGd/right
299.448028642834,2005825873213570_right,2005825873213570_right,-7.29981189306648,112.750073075294,1,my_hood,data/mapillary_images_new/VhRsvgX03frqbokEC81T76/right
106.269438001976,1053825703095570_right,1053825703095570_right,-7.30356313909493,112.750748991966,1,,data/mapillary_images_new/wmL9oX1AljUsix742F0cZf/right
107.95531060631,1755757818554186_right,1755757818554186_right,-7.30327048982738,112.752980589867,1,my_hood,data/mapillary_images_new/VhRsvgX03frqbokEC81T76/right
99.5382219566886,1711538406090261_right,1711538406090261_right,-7.2995511669957,112.750652432442,1,my_hood,data/mapillary_images_new/VhRsvgX03frqbokEC81T76/right
198.949781837711,1980924842391674_right,1980924842391674_right,-7.30071645172553,112.749445438385,1,my_hood,data/mapillary_images_new/VhRsvgX03frqbokEC81T76/right
282.905499357981,1128974139232732_right,1128974139232732_right,-7.30320663905265,112.749155759811,1,,data/mapillary_images_new/KEYQ7cuxoq089kXALyJD6R/right
106.516317507386,1992891854547687_right,1992891854547687_right,-7.30329177341694,112.749788761139,1,,data/mapillary_images_new/wmL9oX1AljUsix742F0cZf/right
285.644824081168,3549430278533653_right,3549430278533653_right,-7.30127514880687,112.754874229431,1,my_hood,data/mapillary_images_new/Qycm8N0gHbjkBZCtdxMoY3/right
232.905781257695,1023349509600213_right,1023349509600213_right,-7.30390367618324,112.750132083893,1,,data/mapillary_images_new/VW2hY8wcJ3e4PDUjQivLGd/right
97.4914724609245,4026946764292719_right,4026946764292719_right,-7.30141349273823,112.753275632858,1,my_hood,data/mapillary_images_new/Qycm8N0gHbjkBZCtdxMoY3/right
101.726111432798,2535858246760857_right,2535858246760857_right,-7.30124854419977,112.752492427826,1,my_hood,data/mapillary_images_new/Qycm8N0gHbjkBZCtdxMoY3/right
99.1633496541625,605054518595714_right,605054518595714_right,-7.30217438359566,112.752047181129,1,my_hood,data/mapillary_images_new/Qycm8N0gHbjkBZCtdxMoY3/right
105.047909751667,630795875940457_right,630795875940457_right,-7.29965758581845,112.748474478722,1,,data/mapillary_images_new/2WwrcMRsN6phxTSEt0yeKb/right
126.752139160814,1639472030336516_right,1639472030336516_right,-7.29978528837233,112.748817801476,1,,data/mapillary_images_new/2WwrcMRsN6phxTSEt0yeKb/right
101.983034863029,516001438155466_right,516001438155466_right,-7.30086011675597,112.750652432442,1,my_hood,data/mapillary_images_new/VhRsvgX03frqbokEC81T76/right
284.583571332243,4094139714240155_right,4094139714240155_right,-7.30164761313995,112.751693129539,1,my_hood,data/mapillary_images_new/Qycm8N0gHbjkBZCtdxMoY3/right
193.926943874987,571625345795471_right,571625345795471_right,-7.29912017050461,112.750158905983,1,,data/mapillary_images_new/VhRsvgX03frqbokEC81T76/right
98.9521304031931,383538668182333_right,383538668182333_right,-7.30358974356429,112.754150032997,1,my_hood,data/mapillary_images_new/VhRsvgX03frqbokEC81T76/right
101.400007856446,2780904935417440_right,2780904935417440_right,-7.3025468471797,112.753447294235,1,my_hood,data/mapillary_images_new/Qycm8N0gHbjkBZCtdxMoY3/right
283.498063527782,4096219213947544_right,4096219213947544_right,-7.30393028063234,112.750427126884,1,,data/mapillary_images_new/VW2hY8wcJ3e4PDUjQivLGd/right
285.373936018019,489361467512338_right,489361467512338_right,-7.30096121434231,112.753211259842,1,my_hood,data/mapillary_images_new/Qycm8N0gHbjkBZCtdxMoY3/right
107.057802487551,568984115980274_right,568984115980274_right,-7.29892861637526,112.749112844467,1,,data/mapillary_images_new/rLKfngGP2QWN4z7hej1FIu/right
285.048010545017,583166034415903_right,583166034415903_right,-7.30280757150392,112.7527821064,1,my_hood,data/mapillary_images_new/VhRsvgX03frqbokEC81T76/right
192.892778871041,969934271661638_right,969934271661638_right,-7.30152523203616,112.749134302139,1,my_hood,data/mapillary_images_new/VhRsvgX03frqbokEC81T76/right
11.6755214486245,906447758137817_right,906447758137817_right,-7.30031206102173,112.750689983368,1,my_hood,data/mapillary_images_new/VhRsvgX03frqbokEC81T76/right
15.587397472571,1759006941560388_right,1759006941560388_right,-7.30382386282645,112.750164270401,1,,data/mapillary_images_new/VW2hY8wcJ3e4PDUjQivLGd/right
291.080585339607,1147761854017296_right,1147761854017296_right,-7.30137624629937,112.750706076622,1,my_hood,data/mapillary_images_new/Qycm8N0gHbjkBZCtdxMoY3/right
279.944867408126,1098826091724713_right,1098826091724713_right,-7.30194558438305,112.749627828598,1,my_hood,data/mapillary_images_new/VhRsvgX03frqbokEC81T76/right
285.644881050138,1565667540744892_right,1565667540744892_right,-7.30298316126925,112.753533124924,1,my_hood,data/mapillary_images_new/VhRsvgX03frqbokEC81T76/right
96.3916233718031,3255754237898211_right,3255754237898211_right,-7.30336094507599,112.750062346458,1,,data/mapillary_images_new/wmL9oX1AljUsix742F0cZf/right
282.071202545723,895721219147980_right,895721219147980_right,-7.30240318269119,112.751253247261,1,my_hood,data/mapillary_images_new/VhRsvgX03frqbokEC81T76/right
6.28922286931339,8935446976508510_right,8935446976508510_right,-7.29941282248825,112.751478552818,1,,data/mapillary_images_new/Qycm8N0gHbjkBZCtdxMoY3/right
279.53825612573,1328976938535585_right,1328976938535585_right,-7.30120065590302,112.754428982735,1,my_hood,data/mapillary_images_new/Qycm8N0gHbjkBZCtdxMoY3/right
106.516280502389,633852305635117_right,633852305635117_right,-7.30223823451782,112.748973369598,1,my_hood,data/mapillary_images_new/VhRsvgX03frqbokEC81T76/right
288.575255675865,614861100930680_right,614861100930680_right,-7.29893925827351,112.751467823982,1,,data/mapillary_images_new/Qycm8N0gHbjkBZCtdxMoY3/right
103.677253849593,588591020772545_right,588591020772545_right,-7.302498959022,112.753259539604,1,my_hood,data/mapillary_images_new/Qycm8N0gHbjkBZCtdxMoY3/right
8.67630201669397,1537410393620019_right,1537410393620019_right,-7.30266390709919,112.754600644112,1,my_hood,data/mapillary_images_new/Qycm8N0gHbjkBZCtdxMoY3/right
189.928451017402,1511316779541831_right,1511316779541831_right,-7.3013443207779,112.749198675156,1,my_hood,data/mapillary_images_new/VhRsvgX03frqbokEC81T76/right
205.459467078608,1074139661066729_right,1074139661066729_right,-7.30176467329484,112.749053835869,1,my_hood,data/mapillary_images_new/VhRsvgX03frqbokEC81T76/right
200.074066623573,1350455009725189_right,1350455009725189_right,-7.29989170713939,112.748903632164,1,,data/mapillary_images_new/2WwrcMRsN6phxTSEt0yeKb/right
108.575385734252,1275571966830027_right,1275571966830027_right,-7.30229144361265,112.752492427826,1,my_hood,data/mapillary_images_new/Qycm8N0gHbjkBZCtdxMoY3/right
102.1907470446,522040317544527_right,522040317544527_right,-7.30371744499521,112.751387357712,1,,data/mapillary_images_new/wmL9oX1AljUsix742F0cZf/right
99.8608363777372,1662684754592163_right,1662684754592163_right,-7.30241914541442,112.749735116959,1,my_hood,data/mapillary_images_new/VhRsvgX03frqbokEC81T76/right
103.814811685936,4107097516203986_right,4107097516203986_right,-7.3038504672803,112.75185406208,1,,data/mapillary_images_new/wmL9oX1AljUsix742F0cZf/right
97.556464417061,1292660858543295_right,1292660858543295_right,-7.30340351224547,112.750201821327,1,,data/mapillary_images_new/wmL9oX1AljUsix742F0cZf/right
189.704616858105,968909488437548_right,968909488437548_right,-7.30055682385982,112.750614881516,1,my_hood,data/mapillary_images_new/VhRsvgX03frqbokEC81T76/right
287.487348001494,629566576068578_right,629566576068578_right,-7.30333434059301,112.749472260475,1,,data/mapillary_images_new/KEYQ7cuxoq089kXALyJD6R/right
286.988330386201,573911912079589_right,573911912079589_right,-7.30202539807517,112.753173708916,1,my_hood,data/mapillary_images_new/Qycm8N0gHbjkBZCtdxMoY3/right
104.146318300273,647605357787747_right,647605357787747_right,-7.29870513645403,112.748361825943,1,,data/mapillary_images_new/rLKfngGP2QWN4z7hej1FIu/right
289.4358742484,1264713581478354_right,1264713581478354_right,-7.29923191037551,112.748528122902,1,,data/mapillary_images_new/rLKfngGP2QWN4z7hej1FIu/right
10.6988948607777,622591023629317_right,622591023629317_right,-7.30068984708521,112.751312255859,1,my_hood,data/mapillary_images_new/VhRsvgX03frqbokEC81T76/right
213.475191467479,3980687152175883_right,3980687152175883_right,-7.29992895370189,112.749820947647,1,my_hood,data/mapillary_images_new/VhRsvgX03frqbokEC81T76/right
101.041459344576,574664725352339_right,574664725352339_right,-7.30304169117569,112.7521276474,1,my_hood,data/mapillary_images_new/VhRsvgX03frqbokEC81T76/right
71.4246372952618,925357812663127_right,925357812663127_right,-7.30170614322124,112.750293016434,1,my_hood,data/mapillary_images_new/Qycm8N0gHbjkBZCtdxMoY3/right
104.146441685526,524161530649925_right,524161530649925_right,-7.3027703251812,112.75438606739,1,my_hood,data/mapillary_images_new/Qycm8N0gHbjkBZCtdxMoY3/right
286.51617497762,1120870713091736_right,1120870713091736_right,-7.29921594753851,112.748474478722,1,,data/mapillary_images_new/rLKfngGP2QWN4z7hej1FIu/right
7.06779243032838,3849380475318543_right,3849380475318543_right,-7.30370148231835,112.749429345131,1,,data/mapillary_images_new/KEYQ7cuxoq089kXALyJD6R/right
102.36191898079,580201944944554_right,580201944944554_right,-7.29960437641024,112.748313546181,1,,data/mapillary_images_new/2WwrcMRsN6phxTSEt0yeKb/right
286.828040693077,1135339611599402_right,1135339611599402_right,-7.30052489827985,112.75101184845,1,my_hood,data/mapillary_images_new/VhRsvgX03frqbokEC81T76/right
104.146477128013,477479645001397_right,477479645001397_right,-7.30393560152199,112.752165198326,1,,data/mapillary_images_new/wmL9oX1AljUsix742F0cZf/right
104.583546406124,9189473054444131_right,9189473054444131_right,-7.30083351212419,112.750389575958,1,my_hood,data/mapillary_images_new/Qycm8N0gHbjkBZCtdxMoY3/right
276.898171761304,2703018159884569_right,2703018159884569_right,-7.30114212575558,112.754096388817,1,my_hood,data/mapillary_images_new/Qycm8N0gHbjkBZCtdxMoY3/right
22.4546130584621,1239493333799610_right,1239493333799610_right,-7.30383982549895,112.749407887459,1,,data/mapillary_images_new/KEYQ7cuxoq089kXALyJD6R/right
107.659898811781,929682705969654_right,929682705969654_right,-7.29951392040175,112.750518321991,1,my_hood,data/mapillary_images_new/VhRsvgX03frqbokEC81T76/right
277.364844270684,616900490785816_right,616900490785816_right,-7.30224887633729,112.754139304161,1,my_hood,data/mapillary_images_new/Qycm8N0gHbjkBZCtdxMoY3/right
208.248076471283,2071872279916874_right,2071872279916874_right,-7.30003005149872,112.749767303467,1,my_hood,data/mapillary_images_new/VhRsvgX03frqbokEC81T76/right
256.902732066375,1098950488444462_right,1098950488444462_right,-7.30383450460818,112.74970293045,1,,data/mapillary_images_new/VW2hY8wcJ3e4PDUjQivLGd/right
291.010158240113,601379989209563_right,601379989209563_right,-7.30235529451809,112.754611372948,1,my_hood,data/mapillary_images_new/Qycm8N0gHbjkBZCtdxMoY3/right
192.892804294684,2008187739622660_right,2008187739622660_right,-7.30061535408387,112.750604152679,1,my_hood,data/mapillary_images_new/VhRsvgX03frqbokEC81T76/right
193.926917789564,1264689034809617_right,1264689034809617_right,-7.29997684213481,112.750743627548,1,my_hood,data/mapillary_images_new/VhRsvgX03frqbokEC81T76/right
100.798703362448,1120334829109758_right,1120334829109758_right,-7.30360570624515,112.750947475433,1,,data/mapillary_images_new/wmL9oX1AljUsix742F0cZf/right
248.805601508616,1268410301056660_right,1268410301056660_right,-7.30413247439378,112.750217914581,1,,data/mapillary_images_new/wmL9oX1AljUsix742F0cZf/right
278.494904688034,629533789648271_right,629533789648271_right,-7.30390367618324,112.750293016434,1,,data/mapillary_images_new/VW2hY8wcJ3e4PDUjQivLGd/right
106.068980358604,1482110863192247_right,1482110863192247_right,-7.29949263663239,112.750437855721,1,my_hood,data/mapillary_images_new/VhRsvgX03frqbokEC81T76/right
291.661070476193,1317231219732111_right,1317231219732111_right,-7.30327581072487,112.749423980713,1,,data/mapillary_images_new/VW2hY8wcJ3e4PDUjQivLGd/right
355.070338324047,1105642221307756_right,1105642221307756_right,-7.29963630205593,112.751483917236,1,my_hood,data/mapillary_images_new/Qycm8N0gHbjkBZCtdxMoY3/right
15.3029558166002,9131091820340356_right,9131091820340356_right,-7.30255216808581,112.754627466202,1,my_hood,data/mapillary_images_new/Qycm8N0gHbjkBZCtdxMoY3/right
294.402717694958,948681620089805_right,948681620089805_right,-7.30000344681756,112.750663161278,1,my_hood,data/mapillary_images_new/VhRsvgX03frqbokEC81T76/right
106.314605893727,1006746557954470_right,1006746557954470_right,-7.30330241521135,112.749847769737,1,,data/mapillary_images_new/wmL9oX1AljUsix742F0cZf/right
286.069100292426,453901127788567_right,453901127788567_right,-7.30302572847469,112.753699421883,1,my_hood,data/mapillary_images_new/VhRsvgX03frqbokEC81T76/right
105.047992223362,958587509547584_right,958587509547584_right,-7.3022275926981,112.752245664597,1,my_hood,data/mapillary_images_new/Qycm8N0gHbjkBZCtdxMoY3/right
42.4768299803882,1114160806507400_right,1114160806507400_right,-7.30360570624515,112.750201821327,1,,data/mapillary_images_new/VW2hY8wcJ3e4PDUjQivLGd/right
333.621017573336,1705348513381169_right,1705348513381169_right,-7.30003537243476,112.750706076622,1,my_hood,data/mapillary_images_new/VhRsvgX03frqbokEC81T76/right
3.33923762046555,1908137489712133_right,1908137489712133_right,-7.29977996743332,112.751478552818,1,my_hood,data/mapillary_images_new/Qycm8N0gHbjkBZCtdxMoY3/right
120.583186132253,1093214179219866_right,1093214179219866_right,-7.30382918371734,112.75177359581,1,,data/mapillary_images_new/wmL9oX1AljUsix742F0cZf/right
287.659894441813,1286146709314996_right,1286146709314996_right,-7.29940218060131,112.749037742615,1,,data/mapillary_images_new/rLKfngGP2QWN4z7hej1FIu/right
293.156908699761,1653025208586671_right,1653025208586671_right,-7.30140817181858,112.750818729401,1,my_hood,data/mapillary_images_new/Qycm8N0gHbjkBZCtdxMoY3/right
333.621082683238,1599375260675131_right,1599375260675131_right,-7.30131239525412,112.754943966866,1,my_hood,data/mapillary_images_new/Qycm8N0gHbjkBZCtdxMoY3/right
289.324241815606,1106215940999609_right,1106215940999609_right,-7.30207860719533,112.75005698204,1,my_hood,data/mapillary_images_new/VhRsvgX03frqbokEC81T76/right
111.194354023462,1181913879938533_right,1181913879938533_right,-7.30310022107449,112.752347588539,1,my_hood,data/mapillary_images_new/VhRsvgX03frqbokEC81T76/right
104.942277911863,953193216199295_right,953193216199295_right,-7.30117405129148,112.75215446949,1,my_hood,data/mapillary_images_new/Qycm8N0gHbjkBZCtdxMoY3/right
356.660752927817,1123425972796053_right,1123425972796053_right,-7.29850826119284,112.75030374527,1,,data/mapillary_images_new/rLKfngGP2QWN4z7hej1FIu/right
105.37397376267,952952720076091_right,952952720076091_right,-7.30210521175303,112.75177359581,1,my_hood,data/mapillary_images_new/Qycm8N0gHbjkBZCtdxMoY3/right
248.037140671016,931123265770033_right,931123265770033_right,-7.30405266107782,112.752288579941,1,,data/mapillary_images_new/VW2hY8wcJ3e4PDUjQivLGd/right
104.146325423439,1152098715915757_right,1152098715915757_right,-7.29894457922252,112.749166488647,1,,data/mapillary_images_new/rLKfngGP2QWN4z7hej1FIu/right
106.715497925368,946079617079647_right,946079617079647_right,-7.30407926551806,112.752755284309,1,,data/mapillary_images_new/wmL9oX1AljUsix742F0cZf/right
20.4030565353596,1121658605819730_right,1121658605819730_right,-7.30362166892544,112.749445438385,1,,data/mapillary_images_new/KEYQ7cuxoq089kXALyJD6R/right
109.324265922253,578856035022075_right,578856035022075_right,-7.30267454890853,112.75073826313,1,my_hood,data/mapillary_images_new/VhRsvgX03frqbokEC81T76/right
285.047948267382,1640530766850593_right,1640530766850593_right,-7.30087075860824,112.752798199654,1,my_hood,data/mapillary_images_new/Qycm8N0gHbjkBZCtdxMoY3/right
281.041434730837,587541220684337_right,587541220684337_right,-7.3020360398997,112.753227353096,1,my_hood,data/mapillary_images_new/Qycm8N0gHbjkBZCtdxMoY3/right
282.071203035158,636463245376177_right,636463245376177_right,-7.30242446632204,112.751333713531,1,my_hood,data/mapillary_images_new/VhRsvgX03frqbokEC81T76/right
98.4332928458331,1343857260306582_right,1343857260306582_right,-7.30114744667839,112.752047181129,1,my_hood,data/mapillary_images_new/Qycm8N0gHbjkBZCtdxMoY3/right
104.583610197352,1651378415789601_right,1651378415789601_right,-7.30288206414006,112.751526832581,1,my_hood,data/mapillary_images_new/VhRsvgX03frqbokEC81T76/right
288.106553904721,2271474739898646_right,2271474739898646_right,-7.30322792264523,112.749236226082,1,,data/mapillary_images_new/VW2hY8wcJ3e4PDUjQivLGd/right
19.1449731239699,630773803018799_right,630773803018799_right,-7.30350460925675,112.7543592453,1,my_hood,data/mapillary_images_new/VhRsvgX03frqbokEC81T76/right
198.295542293514,517176164676340_right,517176164676340_right,-7.29919998470096,112.750142812729,1,,data/mapillary_images_new/VhRsvgX03frqbokEC81T76/right
259.129685466534,619827737172584_right,619827737172584_right,-7.29918934280894,112.748281359673,1,,data/mapillary_images_new/rLKfngGP2QWN4z7hej1FIu/right
105.047952182806,1032927318554483_right,1032927318554483_right,-7.30098249804179,112.750958204269,1,my_hood,data/mapillary_images_new/Qycm8N0gHbjkBZCtdxMoY3/right
106.06904106313,1341089067086586_right,1341089067086586_right,-7.30126982788556,112.752605080605,1,my_hood,data/mapillary_images_new/Qycm8N0gHbjkBZCtdxMoY3/right
280.088125530164,1118137936361820_right,1118137936361820_right,-7.30162632947214,112.751607298851,1,my_hood,data/mapillary_images_new/Qycm8N0gHbjkBZCtdxMoY3/right
4.20214467822774,949136793946666_right,949136793946666_right,-7.30375469123904,112.74970293045,1,,data/mapillary_images_new/VW2hY8wcJ3e4PDUjQivLGd/right
267.779425774633,606080411914266_right,606080411914266_right,-7.29891265352747,112.751242518425,1,,data/mapillary_images_new/Qycm8N0gHbjkBZCtdxMoY3/right
105.64474703962,1121163009799800_right,1121163009799800_right,-7.29894990017148,112.749193310738,1,,data/mapillary_images_new/rLKfngGP2QWN4z7hej1FIu/right
6.28921171397155,1229604074769871_right,1229604074769871_right,-7.30020032142068,112.750706076622,1,my_hood,data/mapillary_images_new/VhRsvgX03frqbokEC81T76/right
306.476732501638,1421600552559216_right,1421600552559216_right,-7.3041271535065,112.750169634819,1,,data/mapillary_images_new/wmL9oX1AljUsix742F0cZf/right
286.314634396481,2230590357323283_right,2230590357323283_right,-7.30413779528099,112.751001119614,1,,data/mapillary_images_new/VW2hY8wcJ3e4PDUjQivLGd/right
200.403138768678,1691098888469053_right,1691098888469053_right,-7.30166357589015,112.749091386795,1,my_hood,data/mapillary_images_new/VhRsvgX03frqbokEC81T76/right
284.146392577741,506977091899614_right,506977091899614_right,-7.301168730369,112.754289507866,1,my_hood,data/mapillary_images_new/Qycm8N0gHbjkBZCtdxMoY3/right
106.828154190982,2364624920603037_right,2364624920603037_right,-7.30371212410299,112.751360535622,1,,data/mapillary_images_new/wmL9oX1AljUsix742F0cZf/right
202.765148772206,446996201813005_right,446996201813005_right,-7.30204136081187,112.74896800518,1,my_hood,data/mapillary_images_new/VhRsvgX03frqbokEC81T76/right
285.374013019958,2217908335259414_right,2217908335259414_right,-7.30331837790246,112.749697566032,1,,data/mapillary_images_new/wmL9oX1AljUsix742F0cZf/right
282.190683387348,1165907948219677_right,1165907948219677_right,-7.30132835801631,112.750518321991,1,my_hood,data/mapillary_images_new/Qycm8N0gHbjkBZCtdxMoY3/right
111.31878766095,1296184434865750_right,1296184434865750_right,-7.30166357589015,112.750132083893,1,my_hood,data/mapillary_images_new/Qycm8N0gHbjkBZCtdxMoY3/right
283.734221785721,631446689542725_right,631446689542725_right,-7.30239786178332,112.751226425171,1,my_hood,data/mapillary_images_new/VhRsvgX03frqbokEC81T76/right
266.022642926004,1234075894370299_right,1234075894370299_right,-7.30388239262284,112.750212550163,1,,data/mapillary_images_new/VW2hY8wcJ3e4PDUjQivLGd/right
2.10392313489922,1288770872435154_right,1288770872435154_right,-7.29915741713134,112.751483917236,1,,data/mapillary_images_new/Qycm8N0gHbjkBZCtdxMoY3/right
171.323634101952,577914621682812_right,577914621682812_right,-7.29930640360728,112.750115990639,1,,data/mapillary_images_new/VhRsvgX03frqbokEC81T76/right
108.575387475484,591451103844298_right,591451103844298_right,-7.3023393317926,112.752658724785,1,my_hood,data/mapillary_images_new/Qycm8N0gHbjkBZCtdxMoY3/right
104.146406182871,1151339739880118_right,1151339739880118_right,-7.30159972488593,112.74994969368,1,my_hood,data/mapillary_images_new/Qycm8N0gHbjkBZCtdxMoY3/right
283.4295720997,568520056094521_right,568520056094521_right,-7.30293527315827,112.753340005875,1,my_hood,data/mapillary_images_new/VhRsvgX03frqbokEC81T76/right
190.867389676487,588392450823592_right,588392450823592_right,-7.30027481449115,112.750668525696,1,my_hood,data/mapillary_images_new/VhRsvgX03frqbokEC81T76/right
353.710778953961,1117034326486436_right,1117034326486436_right,-7.2995511669957,112.751478552818,1,my_hood,data/mapillary_images_new/Qycm8N0gHbjkBZCtdxMoY3/right
182.184763369843,614960654334352_right,614960654334352_right,-7.29981189306648,112.750743627548,1,my_hood,data/mapillary_images_new/VhRsvgX03frqbokEC81T76/right
120.669826638334,589511557343836_right,589511557343836_right,-7.30169550138883,112.750266194344,1,my_hood,data/mapillary_images_new/Qycm8N0gHbjkBZCtdxMoY3/right
99.2850677439246,610609151460391_right,610609151460391_right,-7.30372808677947,112.751414179802,1,,data/mapillary_images_new/wmL9oX1AljUsix742F0cZf/right
99.3203182160907,582921574342063_right,582921574342063_right,-7.29846037260269,112.755061984062,1,,data/mapillary_images_new/t7ONjKynz6e5I4fvDqAYBW/right
103.097202357156,841832484647888_right,841832484647888_right,-7.30150394836251,112.753715515137,1,my_hood,data/mapillary_images_new/Qycm8N0gHbjkBZCtdxMoY3/right
280.088156877777,1137528011344122_right,1137528011344122_right,-7.30304701207591,112.753785252571,1,my_hood,data/mapillary_images_new/VhRsvgX03frqbokEC81T76/right
309.518246449621,9388587054493998_right,9388587054493998_right,-7.30192962164293,112.749574184418,1,my_hood,data/mapillary_images_new/VhRsvgX03frqbokEC81T76/right
284.146432804691,2988479117969148_right,2988479117969148_right,-7.30249363811528,112.751612663269,1,my_hood,data/mapillary_images_new/VhRsvgX03frqbokEC81T76/right
16.1352815917867,1243374067209676_right,1243374067209676_right,-7.30026949355795,112.751441001892,1,my_hood,data/mapillary_images_new/Qycm8N0gHbjkBZCtdxMoY3/right
197.60970172655,538401219154295_right,538401219154295_right,-7.30163697130617,112.749102115631,1,my_hood,data/mapillary_images_new/VhRsvgX03frqbokEC81T76/right
8.90100010957013,576740095148716_right,576740095148716_right,-7.30343543761992,112.749654650688,1,,data/mapillary_images_new/VW2hY8wcJ3e4PDUjQivLGd/right
90.0000002074269,1679821252601852_right,1679821252601852_right,-7.29850826119284,112.755432128906,1,,data/mapillary_images_new/t7ONjKynz6e5I4fvDqAYBW/right
106.386045956268,1312366649910430_right,1312366649910430_right,-7.30193494255636,112.751124501228,1,my_hood,data/mapillary_images_new/Qycm8N0gHbjkBZCtdxMoY3/right
107.660002098975,1328900201440197_right,1328900201440197_right,-7.30230208543087,112.752519249916,1,my_hood,data/mapillary_images_new/Qycm8N0gHbjkBZCtdxMoY3/right
98.1956331982775,1071419601399385_right,1071419601399385_right,-7.29955648793744,112.750679254532,1,my_hood,data/mapillary_images_new/VhRsvgX03frqbokEC81T76/right
49.964867546163,1691442814735237_right,1691442814735237_right,-7.30101974451344,112.751247882843,1,my_hood,data/mapillary_images_new/Qycm8N0gHbjkBZCtdxMoY3/right
107.373980927345,916472167255546_right,916472167255546_right,-7.3020732862836,112.751666307449,1,my_hood,data/mapillary_images_new/Qycm8N0gHbjkBZCtdxMoY3/right
285.186007215265,916599093930376_right,916599093930376_right,-7.30147202285015,112.75103867054,1,my_hood,data/mapillary_images_new/Qycm8N0gHbjkBZCtdxMoY3/right
284.533710651456,1599638057324919_right,1599638057324919_right,-7.30210521175303,112.753533124924,1,my_hood,data/mapillary_images_new/Qycm8N0gHbjkBZCtdxMoY3/right
193.031197724342,1264917071482557_right,1264917071482557_right,-7.30047168897481,112.75063097477,1,my_hood,data/mapillary_images_new/VhRsvgX03frqbokEC81T76/right
13.4643824975476,527437250324990_right,527437250324990_right,-7.30263730257471,112.75460600853,1,my_hood,data/mapillary_images_new/Qycm8N0gHbjkBZCtdxMoY3/right
120.344474075352,937458658351895_right,937458658351895_right,-7.30342479582869,112.753522396088,1,my_hood,data/mapillary_images_new/VhRsvgX03frqbokEC81T76/right
190.799330042553,2269944510047394_right,2269944510047394_right,-7.30198283077448,112.748989462852,1,my_hood,data/mapillary_images_new/VhRsvgX03frqbokEC81T76/right
101.86170956383,517502631337749_right,517502631337749_right,-7.29868917359825,112.748308181763,1,,data/mapillary_images_new/rLKfngGP2QWN4z7hej1FIu/right
102.190704904462,591137890287748_right,591137890287748_right,-7.30212649539806,112.75185406208,1,my_hood,data/mapillary_images_new/Qycm8N0gHbjkBZCtdxMoY3/right
299.253171526419,2348470012197855_right,2348470012197855_right,-7.30333966148973,112.749617099762,1,,data/mapillary_images_new/VW2hY8wcJ3e4PDUjQivLGd/right
103.734235948825,578459064892557_right,578459064892557_right,-7.30286078053101,112.75144636631,1,my_hood,data/mapillary_images_new/VhRsvgX03frqbokEC81T76/right
97.656019804116,955846402538685_right,955846402538685_right,-7.30281289240692,112.751253247261,1,my_hood,data/mapillary_images_new/VhRsvgX03frqbokEC81T76/right
61.9092913444759,1159988938877277_right,1159988938877277_right,-7.30325452713456,112.74956882,1,,data/mapillary_images_new/wmL9oX1AljUsix742F0cZf/right
17.2215691303729,822794236639117_right,822794236639117_right,-7.30394092241154,112.749359607697,1,,data/mapillary_images_new/KEYQ7cuxoq089kXALyJD6R/right
274.118916239611,2360475570984530_right,2360475570984530_right,-7.30297784036827,112.748345732689,1,,data/mapillary_images_new/KEYQ7cuxoq089kXALyJD6R/right
280.205675651159,1800757934094998_right,1800757934094998_right,-7.29997684213481,112.750582695007,1,my_hood,data/mapillary_images_new/VhRsvgX03frqbokEC81T76/right
224.766607423412,1810340576444061_right,1810340576444061_right,-7.303770653914,112.750019431114,1,,data/mapillary_images_new/VW2hY8wcJ3e4PDUjQivLGd/right
99.5382982546425,1251446976134056_right,1251446976134056_right,-7.30318535545904,112.752680182457,1,my_hood,data/mapillary_images_new/VhRsvgX03frqbokEC81T76/right
277.18268581748,393811807152595_right,393811807152595_right,-7.30321728084907,112.749209403992,1,,data/mapillary_images_new/VW2hY8wcJ3e4PDUjQivLGd/right
107.234367834062,1519215678766018_right,1519215678766018_right,-7.30349928836199,112.750529050827,1,,data/mapillary_images_new/wmL9oX1AljUsix742F0cZf/right
280.387248855605,1064455168766582_right,1064455168766582_right,-7.30084947490344,112.752685546875,1,my_hood,data/mapillary_images_new/Qycm8N0gHbjkBZCtdxMoY3/right
272.4054252058,907273227893530_right,907273227893530_right,-7.30124322327815,112.754707932472,1,my_hood,data/mapillary_images_new/Qycm8N0gHbjkBZCtdxMoY3/right
106.82812564453,1897416420662982_right,1897416420662982_right,-7.30290866864996,112.751634120941,1,my_hood,data/mapillary_images_new/VhRsvgX03frqbokEC81T76/right
279.538226086883,1261763655127982_right,1261763655127982_right,-7.29975868367663,112.74994969368,1,my_hood,data/mapillary_images_new/VhRsvgX03frqbokEC81T76/right
287.37399874533,899660308904158_right,899660308904158_right,-7.30257345170955,112.751939892769,1,my_hood,data/mapillary_images_new/VhRsvgX03frqbokEC81T76/right
98.5995090248124,917354793837042_right,917354793837042_right,-7.30366955696289,112.751194238663,1,,data/mapillary_images_new/wmL9oX1AljUsix742F0cZf/right
286.068997220541,607987774970722_right,607987774970722_right,-7.29999280494465,112.750636339188,1,my_hood,data/mapillary_images_new/VhRsvgX03frqbokEC81T76/right
20.0739964786497,891051986533628_right,891051986533628_right,-7.30158908305101,112.749654650688,1,my_hood,data/mapillary_images_new/Qycm8N0gHbjkBZCtdxMoY3/right
283.429548555712,966127525398273_right,966127525398273_right,-7.30212117448689,112.753586769104,1,my_hood,data/mapillary_images_new/Qycm8N0gHbjkBZCtdxMoY3/right
26.3787766145322,2437434746636648_right,2437434746636648_right,-7.30407394463013,112.749515175819,1,,data/mapillary_images_new/wmL9oX1AljUsix742F0cZf/right
193.464449243842,588465770554810_right,588465770554810_right,-7.3003333447521,112.75065779686,1,my_hood,data/mapillary_images_new/VhRsvgX03frqbokEC81T76/right
24.0536675374806,459063570393511_right,459063570393511_right,-7.30099846081573,112.749960422516,1,my_hood,data/mapillary_images_new/Qycm8N0gHbjkBZCtdxMoY3/right
17.3919832255868,574778572069781_right,574778572069781_right,-7.3035312137296,112.754348516464,1,my_hood,data/mapillary_images_new/VhRsvgX03frqbokEC81T76/right
3.91331652038923,487044690656149_right,487044690656149_right,-7.29904567724184,112.751478552818,1,,data/mapillary_images_new/Qycm8N0gHbjkBZCtdxMoY3/right
195.82264339287,643375481372470_right,643375481372470_right,-7.30006197711403,112.750732898712,1,my_hood,data/mapillary_images_new/VhRsvgX03frqbokEC81T76/right
339.118272043727,606758538518026_right,606758538518026_right,-7.30042380059487,112.750668525696,1,my_hood,data/mapillary_images_new/VhRsvgX03frqbokEC81T76/right
108.015514586441,654906696933461_right,654906696933461_right,-7.30327048982738,112.749708294868,1,,data/mapillary_images_new/wmL9oX1AljUsix742F0cZf/right
18.8822154361567,953586202887249_right,953586202887249_right,-7.30364827339132,112.749654650688,1,,data/mapillary_images_new/wmL9oX1AljUsix742F0cZf/right
204.597988148555,602750375822703_right,602750375822703_right,-7.304057981966,112.750083804131,1,,data/mapillary_images_new/VW2hY8wcJ3e4PDUjQivLGd/right
15.587402190868,1322790442083847_right,1322790442083847_right,-7.30367487785563,112.74964928627,1,,data/mapillary_images_new/wmL9oX1AljUsix742F0cZf/right
285.644877166765,950398376612427_right,950398376612427_right,-7.30287142233566,112.753066420555,1,my_hood,data/mapillary_images_new/VhRsvgX03frqbokEC81T76/right
295.52703282871,9640151909346052_right,9640151909346052_right,-7.29977464649426,112.749997973442,1,my_hood,data/mapillary_images_new/VhRsvgX03frqbokEC81T76/right
216.031801387184,928836022284044_right,928836022284044_right,-7.29899246776083,112.750212550163,1,,data/mapillary_images_new/VhRsvgX03frqbokEC81T76/right
281.399977620656,1336090924495396_right,1336090924495396_right,-7.3013443207779,112.750566601753,1,my_hood,data/mapillary_images_new/Qycm8N0gHbjkBZCtdxMoY3/right
90.0000002161423,1975763879580302_right,1975763879580302_right,-7.29850294023862,112.755373120308,1,,data/mapillary_images_new/t7ONjKynz6e5I4fvDqAYBW/right
272.309313927145,1693499494856276_right,1693499494856276_right,-7.30113680483269,112.754069566727,1,my_hood,data/mapillary_images_new/Qycm8N0gHbjkBZCtdxMoY3/right
291.661070875253,2349823725351123_right,2349823725351123_right,-7.30328645251964,112.749456167221,1,,data/mapillary_images_new/VW2hY8wcJ3e4PDUjQivLGd/right
289.114275398391,1657698361815499_right,1657698361815499_right,-7.30134964169829,112.750593423843,1,my_hood,data/mapillary_images_new/Qycm8N0gHbjkBZCtdxMoY3/right
112.412901478346,1318018385883690_right,1318018385883690_right,-7.2997693255551,112.748796343803,1,,data/mapillary_images_new/2WwrcMRsN6phxTSEt0yeKb/right
98.1956878411057,581470358018310_right,581470358018310_right,-7.30257877261533,112.753586769104,1,my_hood,data/mapillary_images_new/Qycm8N0gHbjkBZCtdxMoY3/right
289.02948795629,1299238127937594_right,1299238127937594_right,-7.30327048982738,112.749397158623,1,,data/mapillary_images_new/VW2hY8wcJ3e4PDUjQivLGd/right
110.850247352452,28142718085343853_right,28142718085343853_right,-7.30389835529324,112.752025723457,1,,data/mapillary_images_new/wmL9oX1AljUsix742F0cZf/right
110.287555628548,512212727885618_right,512212727885618_right,-7.30162100855502,112.75003015995,1,my_hood,data/mapillary_images_new/Qycm8N0gHbjkBZCtdxMoY3/right
276.76418200096,1246709549765481_right,1246709549765481_right,-7.30132303709564,112.750491499901,1,my_hood,data/mapillary_images_new/Qycm8N0gHbjkBZCtdxMoY3/right
101.041412177672,3552695251690045_right,3552695251690045_right,-7.30108359560046,112.751741409302,1,my_hood,data/mapillary_images_new/Qycm8N0gHbjkBZCtdxMoY3/right
111.962781817803,949397573780442_right,949397573780442_right,-7.30231272724882,112.749273777008,1,my_hood,data/mapillary_images_new/VhRsvgX03frqbokEC81T76/right
323.353676765912,454122214435029_right,454122214435029_right,-7.3000672980497,112.748351097107,1,,data/mapillary_images_new/2WwrcMRsN6phxTSEt0yeKb/right
113.669638977651,1153795716346426_right,1153795716346426_right,-7.30191897981585,112.751070857048,1,my_hood,data/mapillary_images_new/Qycm8N0gHbjkBZCtdxMoY3/right
288.575424357572,2234381296955948_right,2234381296955948_right,-7.30330241521135,112.749643921852,1,,data/mapillary_images_new/wmL9oX1AljUsix742F0cZf/right
282.824931630401,813849104204715_right,813849104204715_right,-7.3007430563643,112.752218842506,1,my_hood,data/mapillary_images_new/Qycm8N0gHbjkBZCtdxMoY3/right
108.106561894997,932712498824886_right,932712498824886_right,-7.30342479582869,112.750287652016,1,,data/mapillary_images_new/wmL9oX1AljUsix742F0cZf/right
177.418499847672,584245594315065_right,584245594315065_right,-7.29914677523831,112.750158905983,1,,data/mapillary_images_new/VhRsvgX03frqbokEC81T76/right
351.323725406558,608731941520113_right,608731941520113_right,-7.30408458640591,112.752395868301,1,,data/mapillary_images_new/VW2hY8wcJ3e4PDUjQivLGd/right
279.805597526043,626163966420318_right,626163966420318_right,-7.30299380307099,112.753559947014,1,my_hood,data/mapillary_images_new/VhRsvgX03frqbokEC81T76/right
264.76337102831,1795114841262592_right,1795114841262592_right,-7.2989020116286,112.750689983368,1,,data/mapillary_images_new/rLKfngGP2QWN4z7hej1FIu/right
57.3171787570416,959295008863420_right,959295008863420_right,-7.30098249804179,112.751226425171,1,my_hood,data/mapillary_images_new/VhRsvgX03frqbokEC81T76/right
106.314528020826,1119345759892992_right,1119345759892992_right,-7.30104634913414,112.751548290253,1,my_hood,data/mapillary_images_new/Qycm8N0gHbjkBZCtdxMoY3/right
289.1143310384,596994066286539_right,596994066286539_right,-7.30275436247052,112.75258898735,1,my_hood,data/mapillary_images_new/VhRsvgX03frqbokEC81T76/right
103.734240713661,1611784076142093_right,1611784076142093_right,-7.30302572847469,112.752041816711,1,my_hood,data/mapillary_images_new/VhRsvgX03frqbokEC81T76/right
111.010046286988,1123119285921122_right,1123119285921122_right,-7.29973739991891,112.748715877533,1,,data/mapillary_images_new/2WwrcMRsN6phxTSEt0yeKb/right
95.3993147270569,1304006637408974_right,1304006637408974_right,-7.29836459540699,112.754380702972,1,,data/mapillary_images_new/t7ONjKynz6e5I4fvDqAYBW/right
105.496004573502,564765973133293_right,564765973133293_right,-7.30354717641254,112.750695347786,1,,data/mapillary_images_new/wmL9oX1AljUsix742F0cZf/right
110.4754654196,1098253818759778_right,1098253818759778_right,-7.29966822769933,112.748501300812,1,,data/mapillary_images_new/2WwrcMRsN6phxTSEt0yeKb/right
278.685023469309,615944837480011_right,615944837480011_right,-7.30206264445995,112.753340005875,1,my_hood,data/mapillary_images_new/Qycm8N0gHbjkBZCtdxMoY3/right
298.495833917953,533196509736027_right,533196509736027_right,-7.29985446057381,112.750148177147,1,my_hood,data/mapillary_images_new/VhRsvgX03frqbokEC81T76/right
282.628000167179,1116576993255580_right,1116576993255580_right,-7.30295123586249,112.753399014473,1,my_hood,data/mapillary_images_new/VhRsvgX03frqbokEC81T76/right
93.2057825717428,2343021102698226_right,2343021102698226_right,-7.30297251946726,112.75185406208,1,my_hood,data/mapillary_images_new/VhRsvgX03frqbokEC81T76/right
269.999999770347,614748194343821_right,614748194343821_right,-7.30301508667372,112.753672599792,1,my_hood,data/mapillary_images_new/VhRsvgX03frqbokEC81T76/right
278.494865895427,8858843900879061_right,8858843900879061_right,-7.30183384519016,112.752406597137,1,my_hood,data/mapillary_images_new/Qycm8N0gHbjkBZCtdxMoY3/right
274.611126500947,1678026383120233_right,1678026383120233_right,-7.29890733257805,112.750775814056,1,,data/mapillary_images_new/rLKfngGP2QWN4z7hej1FIu/right
99.5381986190588,1265642111435527_right,1265642111435527_right,-7.29842844687307,112.754799127579,1,,data/mapillary_images_new/t7ONjKynz6e5I4fvDqAYBW/right
103.097186855824,626540123050542_right,626540123050542_right,-7.3009558934173,112.75103867054,1,my_hood,data/mapillary_images_new/VhRsvgX03frqbokEC81T76/right
104.648204328982,844659951006335_right,844659951006335_right,-7.302083928107,112.751693129539,1,my_hood,data/mapillary_images_new/Qycm8N0gHbjkBZCtdxMoY3/right
328.600444507987,581874417917102_right,581874417917102_right,-7.30338222866123,112.749654650688,1,,data/mapillary_images_new/VW2hY8wcJ3e4PDUjQivLGd/right
105.37399356197,3896930583923752_right,3896930583923752_right,-7.30271179523922,112.754139304161,1,my_hood,data/mapillary_images_new/Qycm8N0gHbjkBZCtdxMoY3/right
104.735245967342,932907965463872_right,932907965463872_right,-7.30229144361265,112.749193310738,1,my_hood,data/mapillary_images_new/VhRsvgX03frqbokEC81T76/right
283.498063691484,1693121354584620_right,1693121354584620_right,-7.30394092241154,112.750453948975,1,,data/mapillary_images_new/VW2hY8wcJ3e4PDUjQivLGd/right
102.361916141395,28019655947678094_right,28019655947678094_right,-7.29950327851719,112.750464677811,1,my_hood,data/mapillary_images_new/VhRsvgX03frqbokEC81T76/right
203.578020201711,572295018951208_right,572295018951208_right,-7.3010782746769,112.749300599098,1,my_hood,data/mapillary_images_new/VhRsvgX03frqbokEC81T76/right
10.6988346212195,1646775299592639_right,1646775299592639_right,-7.30326516892984,112.754439711571,1,my_hood,data/mapillary_images_new/VhRsvgX03frqbokEC81T76/right
99.3471263995514,3496152237183308_right,3496152237183308_right,-7.30401541485884,112.752503156662,1,,data/mapillary_images_new/wmL9oX1AljUsix742F0cZf/right
105.185990332097,1122185002832695_right,1122185002832695_right,-7.30093460971653,112.750770449638,1,my_hood,data/mapillary_images_new/Qycm8N0gHbjkBZCtdxMoY3/right
102.436865241914,1310462667042079_right,1310462667042079_right,-7.30262133985929,112.753753066063,1,my_hood,data/mapillary_images_new/Qycm8N0gHbjkBZCtdxMoY3/right
222.646226048312,1815108545892054_right,1815108545892054_right,-7.30368551964091,112.750083804131,1,,data/mapillary_images_new/VW2hY8wcJ3e4PDUjQivLGd/right
100.205734797566,613613117787967_right,613613117787967_right,-7.30260537714328,112.753694057465,1,my_hood,data/mapillary_images_new/Qycm8N0gHbjkBZCtdxMoY3/right
346.86316216351,1838690246869089_right,1838690246869089_right,-7.30340883314138,112.749660015106,1,,data/mapillary_images_new/VW2hY8wcJ3e4PDUjQivLGd/right
290.376717029712,2693586564159162_right,2693586564159162_right,-7.302961877665,112.748292088509,1,,data/mapillary_images_new/KEYQ7cuxoq089kXALyJD6R/right
105.374016029924,513449704616423_right,513449704616423_right,-7.30339287045349,112.753441929817,1,my_hood,data/mapillary_images_new/VhRsvgX03frqbokEC81T76/right
281.782263673259,1136377161391291_right,1136377161391291_right,-7.30122726051296,112.750137448311,1,my_hood,data/mapillary_images_new/Qycm8N0gHbjkBZCtdxMoY3/right
285.830686863012,910242294617225_right,910242294617225_right,-7.30271711614336,112.7524548769,1,my_hood,data/mapillary_images_new/VhRsvgX03frqbokEC81T76/right
99.1633234413817,606069791954569_right,606069791954569_right,-7.30087607953428,112.750732898712,1,my_hood,data/mapillary_images_new/VhRsvgX03frqbokEC81T76/right
287.234283680878,482406908213524_right,482406908213524_right,-7.30119001405859,112.754402160645,1,my_hood,data/mapillary_images_new/Qycm8N0gHbjkBZCtdxMoY3/right
357.815234931512,3969004230050711_right,3969004230050711_right,-7.29946603191927,112.751478552818,1,,data/mapillary_images_new/Qycm8N0gHbjkBZCtdxMoY3/right
97.0091889221091,974751221168086_right,974751221168086_right,-7.29844973069306,112.755002975464,1,,data/mapillary_images_new/t7ONjKynz6e5I4fvDqAYBW/right
108.575336636606,1205799087610772_right,1205799087610772_right,-7.30102506543771,112.75109231472,1,my_hood,data/mapillary_images_new/Qycm8N0gHbjkBZCtdxMoY3/right
105.373929526663,3888449091368373_right,3888449091368373_right,-7.30075901914678,112.750148177147,1,my_hood,data/mapillary_images_new/Qycm8N0gHbjkBZCtdxMoY3/right
341.704631116967,1287884475870791_right,1287884475870791_right,-7.30372808677947,112.749429345131,1,,data/mapillary_images_new/KEYQ7cuxoq089kXALyJD6R/right
102.824984564118,9427476263951736_right,9427476263951736_right,-7.30263730257471,112.753833532333,1,my_hood,data/mapillary_images_new/Qycm8N0gHbjkBZCtdxMoY3/right
80.4617738504695,566024172901962_right,566024172901962_right,-7.29975868367663,112.748769521713,1,,data/mapillary_images_new/2WwrcMRsN6phxTSEt0yeKb/right
293.801184578316,1306317287049799_right,1306317287049799_right,-7.30212117448689,112.750223278999,1,my_hood,data/mapillary_images_new/VhRsvgX03frqbokEC81T76/right
104.735137070329,1120090859470214_right,1120090859470214_right,-7.29883816023013,112.748817801476,1,,data/mapillary_images_new/rLKfngGP2QWN4z7hej1FIu/right
275.572477660387,1296824298228518_right,1296824298228518_right,-7.30411119084425,112.750888466835,1,,data/mapillary_images_new/VW2hY8wcJ3e4PDUjQivLGd/right
102.82498829287,945119193838553_right,945119193838553_right,-7.3027703251812,112.751086950302,1,my_hood,data/mapillary_images_new/VhRsvgX03frqbokEC81T76/right
94.6111802538446,967688128792536_right,967688128792536_right,-7.3041005490691,112.748335003853,1,,data/mapillary_images_new/KEYQ7cuxoq089kXALyJD6R/right
273.845169403069,941281690925930_right,941281690925930_right,-7.30233401088395,112.750979661942,1,my_hood,data/mapillary_images_new/VhRsvgX03frqbokEC81T76/right
170.612997744267,1543855842939141_right,1543855842939141_right,-7.29966822769933,112.750743627548,1,my_hood,data/mapillary_images_new/VhRsvgX03frqbokEC81T76/right
292.644649026515,910437670861797_right,910437670861797_right,-7.29987574432596,112.750201821327,1,my_hood,data/mapillary_images_new/VhRsvgX03frqbokEC81T76/right
338.2965670835,607702228423096_right,607702228423096_right,-7.304057981966,112.750153541565,1,,data/mapillary_images_new/VW2hY8wcJ3e4PDUjQivLGd/right
94.8023705829592,1147501310053342_right,1147501310053342_right,-7.29835927445109,112.754348516464,1,,data/mapillary_images_new/t7ONjKynz6e5I4fvDqAYBW/right
100.972368194859,513000997800278_right,513000997800278_right,-7.30155183662679,112.753935456276,1,my_hood,data/mapillary_images_new/Qycm8N0gHbjkBZCtdxMoY3/right
166.479373161234,1992822954532467_right,1992822954532467_right,-7.29945539003357,112.75030374527,1,my_hood,data/mapillary_images_new/VhRsvgX03frqbokEC81T76/right
97.1826626102764,1588915292013275_right,1588915292013275_right,-7.30172742688525,112.750373482704,1,my_hood,data/mapillary_images_new/Qycm8N0gHbjkBZCtdxMoY3/right
54.2413784003844,962600719265877_right,962600719265877_right,-7.30171678505337,112.754847407341,1,my_hood,data/mapillary_images_new/Qycm8N0gHbjkBZCtdxMoY3/right
103.497990981196,3766341630284744_right,3766341630284744_right,-7.30142945549679,112.753356099129,1,my_hood,data/mapillary_images_new/Qycm8N0gHbjkBZCtdxMoY3/right
283.097244065527,943765777851422_right,943765777851422_right,-7.30299380307099,112.748431563377,1,,data/mapillary_images_new/KEYQ7cuxoq089kXALyJD6R/right
25.1661034441136,1783802155783062_right,1783802155783062_right,-7.30271711614336,112.754589915276,1,my_hood,data/mapillary_images_new/Qycm8N0gHbjkBZCtdxMoY3/right
111.010153965451,1311637966630398_right,1311637966630398_right,-7.30224887633729,112.749027013779,1,my_hood,data/mapillary_images_new/VhRsvgX03frqbokEC81T76/right
113.367840189068,515432904878556_right,515432904878556_right,-7.29872642026086,112.748420834541,1,,data/mapillary_images_new/rLKfngGP2QWN4z7hej1FIu/right
278.433324901853,1135974901870466_right,1135974901870466_right,-7.30289802684619,112.753205895424,1,my_hood,data/mapillary_images_new/VhRsvgX03frqbokEC81T76/right
102.97670304388,994088769409051_right,994088769409051_right,-7.30131771617491,112.752830386162,1,my_hood,data/mapillary_images_new/Qycm8N0gHbjkBZCtdxMoY3/right
112.329885687004,583949850896452_right,583949850896452_right,-7.30294059405975,112.75174677372,1,my_hood,data/mapillary_images_new/VhRsvgX03frqbokEC81T76/right
106.631911766856,2383444185328075_right,2383444185328075_right,-7.3029033477481,112.751607298851,1,my_hood,data/mapillary_images_new/VhRsvgX03frqbokEC81T76/right
119.94613990908,570038019211426_right,570038019211426_right,-7.29952456228605,112.750545144081,1,my_hood,data/mapillary_images_new/VhRsvgX03frqbokEC81T76/right
275.236649652284,955961182562254_right,955961182562254_right,-7.30070048894154,112.751972079277,1,my_hood,data/mapillary_images_new/Qycm8N0gHbjkBZCtdxMoY3/right
189.3869821515,1114993893746767_right,1114993893746767_right,-7.30064195872863,112.750598788261,1,my_hood,data/mapillary_images_new/VhRsvgX03frqbokEC81T76/right
285.37388219587,992110999395310_right,992110999395310_right,-7.29932236644103,112.748828530312,1,,data/mapillary_images_new/rLKfngGP2QWN4z7hej1FIu/right
206.379051565711,943571440645475_right,943571440645475_right,-7.29867321074188,112.75030374527,1,,data/mapillary_images_new/VhRsvgX03frqbokEC81T76/right
279.538244804048,1113966773189114_right,1113966773189114_right,-7.3006526005861,112.751778960228,1,my_hood,data/mapillary_images_new/Qycm8N0gHbjkBZCtdxMoY3/right
4.36319250980557,568288139515118_right,568288139515118_right,-7.2997480417979,112.751478552818,1,my_hood,data/mapillary_images_new/Qycm8N0gHbjkBZCtdxMoY3/right
281.399965594894,586333814344686_right,586333814344686_right,-7.30086011675597,112.752771377563,1,my_hood,data/mapillary_images_new/Qycm8N0gHbjkBZCtdxMoY3/right
292.785977410813,1123847992533662_right,1123847992533662_right,-7.30187109159088,112.752513885498,1,my_hood,data/mapillary_images_new/Qycm8N0gHbjkBZCtdxMoY3/right
102.824978042563,1833410497198328_right,1833410497198328_right,-7.30240318269119,112.752905488014,1,my_hood,data/mapillary_images_new/Qycm8N0gHbjkBZCtdxMoY3/right
109.238079931488,1042832017856454_right,1042832017856454_right,-7.29959905546907,112.748286724091,1,,data/mapillary_images_new/2WwrcMRsN6phxTSEt0yeKb/right
285.373994313799,937442145118504_right,937442145118504_right,-7.30274904156683,112.75256216526,1,my_hood,data/mapillary_images_new/VhRsvgX03frqbokEC81T76/right
290.9274519529,1116268779966677_right,1116268779966677_right,-7.30230740633988,112.754364609718,1,my_hood,data/mapillary_images_new/Qycm8N0gHbjkBZCtdxMoY3/right
286.386084112452,565861646244850_right,565861646244850_right,-7.30305233297605,112.748619318008,1,,data/mapillary_images_new/VW2hY8wcJ3e4PDUjQivLGd/right
293.723687067068,579404864943244_right,579404864943244_right,-7.30303637027544,112.748571038246,1,,data/mapillary_images_new/KEYQ7cuxoq089kXALyJD6R/right
106.828057035798,442413005613379_right,442413005613379_right,-7.30097717711702,112.75111913681,1,my_hood,data/mapillary_images_new/VhRsvgX03frqbokEC81T76/right
108.106477133068,608696271906190_right,608696271906190_right,-7.30119001405859,112.75220811367,1,my_hood,data/mapillary_images_new/Qycm8N0gHbjkBZCtdxMoY3/right
209.050448808388,557415423957230_right,557415423957230_right,-7.30018435861825,112.749692201614,1,my_hood,data/mapillary_images_new/VhRsvgX03frqbokEC81T76/right
286.38605987295,899214525658345_right,899214525658345_right,-7.30234465270115,112.751033306122,1,my_hood,data/mapillary_images_new/VhRsvgX03frqbokEC81T76/right
12.1683138164414,441011322421684_right,441011322421684_right,-7.30079626563703,112.751285433769,1,my_hood,data/mapillary_images_new/VhRsvgX03frqbokEC81T76/right
357.530599123304,3803958986487789_right,3803958986487789_right,-7.29960969735134,112.751478552818,1,my_hood,data/mapillary_images_new/Qycm8N0gHbjkBZCtdxMoY3/right
113.874728759544,985666120050466_right,985666120050466_right,-7.29935961305092,112.750174999237,1,,data/mapillary_images_new/VhRsvgX03frqbokEC81T76/right
289.505420532007,962596555762554_right,962596555762554_right,-7.30319067635754,112.749096751213,1,,data/mapillary_images_new/KEYQ7cuxoq089kXALyJD6R/right
101.861845526064,1715207302392523_right,1715207302392523_right,-7.30396220596919,112.752277851105,1,,data/mapillary_images_new/wmL9oX1AljUsix742F0cZf/right
110.709887523171,1244286553526604_right,1244286553526604_right,-7.30154651570878,112.749788761139,1,my_hood,data/mapillary_images_new/Qycm8N0gHbjkBZCtdxMoY3/right
293.368053847186,1704978950235250_right,1704978950235250_right,-7.30331305700548,112.749536633492,1,,data/mapillary_images_new/VW2hY8wcJ3e4PDUjQivLGd/right
291.010097797357,605760952026372_right,605760952026372_right,-7.30094525156704,112.753157615662,1,my_hood,data/mapillary_images_new/Qycm8N0gHbjkBZCtdxMoY3/right
283.497987122877,571432765763642_right,571432765763642_right,-7.30130707433328,112.750405669212,1,my_hood,data/mapillary_images_new/Qycm8N0gHbjkBZCtdxMoY3/right
294.136030672078,791381539823123_right,791381539823123_right,-7.30016307488079,112.74861395359,1,,data/mapillary_images_new/2WwrcMRsN6phxTSEt0yeKb/right
286.314510835201,1148225246924684_right,1148225246924684_right,-7.30056214478959,112.75111913681,1,my_hood,data/mapillary_images_new/VhRsvgX03frqbokEC81T76/right
284.146434660072,991170026173103_right,991170026173103_right,-7.30255216808581,112.751859426498,1,my_hood,data/mapillary_images_new/VhRsvgX03frqbokEC81T76/right
99.538251425542,948664673387601_right,948664673387601_right,-7.3009505724922,112.750850915909,1,my_hood,data/mapillary_images_new/Qycm8N0gHbjkBZCtdxMoY3/right
194.421573419543,940472601371356_right,940472601371356_right,-7.30011518646781,112.75071144104,1,my_hood,data/mapillary_images_new/VhRsvgX03frqbokEC81T76/right
116.751970958855,1898964120925271_right,1898964120925271_right,-7.29887540688034,112.748951911926,1,,data/mapillary_images_new/rLKfngGP2QWN4z7hej1FIu/right
100.798648944672,1114468309800080_right,1114468309800080_right,-7.3012964324914,112.752744555473,1,my_hood,data/mapillary_images_new/Qycm8N0gHbjkBZCtdxMoY3/right
101.782191526238,492450197293862_right,492450197293862_right,-7.29839120018565,112.754573822021,1,,data/mapillary_images_new/t7ONjKynz6e5I4fvDqAYBW/right
111.194373147726,584897577518390_right,584897577518390_right,-7.30354185551829,112.750668525696,1,,data/mapillary_images_new/wmL9oX1AljUsix742F0cZf/right
97.6559889434193,522657280804600_right,522657280804600_right,-7.3009878189665,112.751172780991,1,my_hood,data/mapillary_images_new/VhRsvgX03frqbokEC81T76/right
25.021746759199,586362380912959_right,586362380912959_right,-7.3038611090614,112.749584913254,1,,data/mapillary_images_new/wmL9oX1AljUsix742F0cZf/right
284.146438629096,1111476326746939_right,1111476326746939_right,-7.30267986981309,112.752315402031,1,my_hood,data/mapillary_images_new/VhRsvgX03frqbokEC81T76/right
289.324249554471,9097457860350691_right,9097457860350691_right,-7.30227015997548,112.75076508522,1,my_hood,data/mapillary_images_new/VhRsvgX03frqbokEC81T76/right
114.402761057521,1792998481437185_right,1792998481437185_right,-7.30089736323781,112.750636339188,1,my_hood,data/mapillary_images_new/Qycm8N0gHbjkBZCtdxMoY3/right
290.709876011291,1664297691172705_right,1664297691172705_right,-7.30128046972808,112.754901051521,1,my_hood,data/mapillary_images_new/Qycm8N0gHbjkBZCtdxMoY3/right
111.318849125418,1662378287649209_right,1662378287649209_right,-7.3030789374758,112.752261757851,1,my_hood,data/mapillary_images_new/VhRsvgX03frqbokEC81T76/right
101.726156356732,1516532162343176_right,1516532162343176_right,-7.30300444487247,112.751988172531,1,my_hood,data/mapillary_images_new/VhRsvgX03frqbokEC81T76/right
107.234281089953,1113901850221002_right,1113901850221002_right,-7.30111020021737,112.75185406208,1,my_hood,data/mapillary_images_new/Qycm8N0gHbjkBZCtdxMoY3/right
283.42954689145,578573331634757_right,578573331634757_right,-7.3020679653718,112.753366827965,1,my_hood,data/mapillary_images_new/Qycm8N0gHbjkBZCtdxMoY3/right
282.62794752813,1127622584973834_right,1127622584973834_right,-7.30101974451344,112.75351703167,1,my_hood,data/mapillary_images_new/Qycm8N0gHbjkBZCtdxMoY3/right
279.538280337594,1106736397442268_right,1106736397442268_right,-7.30234997360965,112.754584550858,1,my_hood,data/mapillary_images_new/Qycm8N0gHbjkBZCtdxMoY3/right
80.4617134558796,1237876260620915_right,1237876260620915_right,-7.30264262347974,112.750604152679,1,my_hood,data/mapillary_images_new/VhRsvgX03frqbokEC81T76/right
202.765213140516,1274838793662700_right,1274838793662700_right,-7.30063663779981,112.749477624893,1,my_hood,data/mapillary_images_new/VhRsvgX03frqbokEC81T76/right
98.4333313676908,1118648256521761_right,1118648256521761_right,-7.30322260174719,112.752814292908,1,my_hood,data/mapillary_images_new/VhRsvgX03frqbokEC81T76/right
108.575432750765,626240926422587_right,626240926422587_right,-7.30350993015145,112.750561237335,1,,data/mapillary_images_new/wmL9oX1AljUsix742F0cZf/right
101.782282562653,476344605154619_right,476344605154619_right,-7.30195090529629,112.751178145409,1,my_hood,data/mapillary_images_new/Qycm8N0gHbjkBZCtdxMoY3/right
100.870431200044,953838976077832_right,953838976077832_right,-7.3041058699567,112.748361825943,1,,data/mapillary_images_new/KEYQ7cuxoq089kXALyJD6R/right
290.376681987632,1619498655310514_right,1619498655310514_right,-7.30211585357567,112.750196456909,1,my_hood,data/mapillary_images_new/VhRsvgX03frqbokEC81T76/right
281.399959170236,3853821468220729_right,3853821468220729_right,-7.30059939129626,112.751253247261,1,my_hood,data/mapillary_images_new/VhRsvgX03frqbokEC81T76/right
111.408579723672,624195240172907_right,624195240172907_right,-7.30188705433312,112.750963568687,1,my_hood,data/mapillary_images_new/Qycm8N0gHbjkBZCtdxMoY3/right
110.880476008837,1803320813740547_right,1803320813740547_right,-7.30241382450674,112.752932310104,1,my_hood,data/mapillary_images_new/Qycm8N0gHbjkBZCtdxMoY3/right
105.047952173637,568078089405425_right,568078089405425_right,-7.30098249804179,112.7511459589,1,my_hood,data/mapillary_images_new/VhRsvgX03frqbokEC81T76/right
279.860782261945,1104826660957265_right,1104826660957265_right,-7.29993427463914,112.750389575958,1,my_hood,data/mapillary_images_new/VhRsvgX03frqbokEC81T76/right
111.661064950182,963039569057245_right,963039569057245_right,-7.3031427882688,112.75250852108,1,my_hood,data/mapillary_images_new/VhRsvgX03frqbokEC81T76/right
101.782304821816,578546598407997_right,578546598407997_right,-7.30281821330985,112.751280069351,1,my_hood,data/mapillary_images_new/VhRsvgX03frqbokEC81T76/right
105.047884144365,2900443260254947_right,2900443260254947_right,-7.2988700859305,112.748925089836,1,,data/mapillary_images_new/rLKfngGP2QWN4z7hej1FIu/right
283.237648059294,950614759847135_right,950614759847135_right,-7.30215842086371,112.75035738945,1,my_hood,data/mapillary_images_new/VhRsvgX03frqbokEC81T76/right
193.136955726701,621613013548910_right,621613013548910_right,-7.29924787321193,112.750121355057,1,,data/mapillary_images_new/VhRsvgX03frqbokEC81T76/right
283.734202841952,3998607450384238_right,3998607450384238_right,-7.30175935237939,112.752106189728,1,my_hood,data/mapillary_images_new/Qycm8N0gHbjkBZCtdxMoY3/right
109.802155665751,1572007710861509_right,1572007710861509_right,-7.30409522818144,112.752358317375,1,,data/mapillary_images_new/VW2hY8wcJ3e4PDUjQivLGd/right
278.1956676693,1759501104618934_right,1759501104618934_right,-7.30148266468785,112.75109231472,1,my_hood,data/mapillary_images_new/Qycm8N0gHbjkBZCtdxMoY3/right
288.198482193123,2387384818261536_right,2387384818261536_right,-7.30305765387614,112.748646140099,1,,data/mapillary_images_new/VW2hY8wcJ3e4PDUjQivLGd/right
273.605490630304,970231068316380_right,970231068316380_right,-7.30101442358911,112.753463387489,1,my_hood,data/mapillary_images_new/Qycm8N0gHbjkBZCtdxMoY3/right
291.962740224053,1257796968817934_right,1257796968817934_right,-7.30138688813936,112.750732898712,1,my_hood,data/mapillary_images_new/Qycm8N0gHbjkBZCtdxMoY3/right
204.727123657912,655720440116863_right,655720440116863_right,-7.30013114927269,112.749719023705,1,my_hood,data/mapillary_images_new/VhRsvgX03frqbokEC81T76/right
106.440135453728,462717803314589_right,462717803314589_right,-7.304026056636,112.75256216526,1,,data/mapillary_images_new/wmL9oX1AljUsix742F0cZf/right
104.14640652263,510894612110685_right,510894612110685_right,-7.30161036672061,112.754241228104,1,my_hood,data/mapillary_images_new/Qycm8N0gHbjkBZCtdxMoY3/right
288.575411350324,1157797262385296_right,1157797262385296_right,-7.30296719856615,112.748318910599,1,,data/mapillary_images_new/KEYQ7cuxoq089kXALyJD6R/right
180,1687350782210268_right,1687350782210268_right,-7.29975868367663,112.750743627548,1,my_hood,data/mapillary_images_new/VhRsvgX03frqbokEC81T76/right
110.709971289208,1158308395923965_right,1158308395923965_right,-7.30352057194064,112.750588059425,1,,data/mapillary_images_new/wmL9oX1AljUsix742F0cZf/right
198.295446317184,619439520506638_right,619439520506638_right,-7.30171678505337,112.749075293541,1,my_hood,data/mapillary_images_new/VhRsvgX03frqbokEC81T76/right
202.454786676347,604054958941041_right,604054958941041_right,-7.29999280494465,112.74886071682,1,,data/mapillary_images_new/2WwrcMRsN6phxTSEt0yeKb/right
93.2057776840113,1317019912770217_right,1317019912770217_right,-7.30231804815769,112.749327421188,1,my_hood,data/mapillary_images_new/VhRsvgX03frqbokEC81T76/right
83.6083870355812,1249770692749787_right,1249770692749787_right,-7.30265858619441,112.75068461895,1,my_hood,data/mapillary_images_new/VhRsvgX03frqbokEC81T76/right
265.881120576971,8976342589125220_right,8976342589125220_right,-7.29891265352747,112.751269340515,1,,data/mapillary_images_new/Qycm8N0gHbjkBZCtdxMoY3/right
27.947906301907,1071916964681167_right,1071916964681167_right,-7.30376001213075,112.750174999237,1,,data/mapillary_images_new/VW2hY8wcJ3e4PDUjQivLGd/right
104.146419064957,3880475052224997_right,3880475052224997_right,-7.30202539807517,112.751505374908,1,my_hood,data/mapillary_images_new/Qycm8N0gHbjkBZCtdxMoY3/right
106.069091009912,897795782526514_right,897795782526514_right,-7.30273839975926,112.750920653343,1,my_hood,data/mapillary_images_new/VhRsvgX03frqbokEC81T76/right
108.106522906855,1351619952885524_right,1351619952885524_right,-7.30239786178332,112.752878665924,1,my_hood,data/mapillary_images_new/Qycm8N0gHbjkBZCtdxMoY3/right
19.833665865389,1150221299852312_right,1150221299852312_right,-7.30354185551829,112.749756574631,1,,data/mapillary_images_new/VW2hY8wcJ3e4PDUjQivLGd/right
322.819657101661,1655752232007210_right,1655752232007210_right,-7.3040047730814,112.750545144081,1,,data/mapillary_images_new/VW2hY8wcJ3e4PDUjQivLGd/right
191.220541227361,893032316005840_right,893032316005840_right,-7.30217438359566,112.748930454254,1,my_hood,data/mapillary_images_new/VhRsvgX03frqbokEC81T76/right
299.447977085987,953452980215692_right,953452980215692_right,-7.29887540688034,112.750496864319,1,,data/mapillary_images_new/rLKfngGP2QWN4z7hej1FIu/right
0,622367683476430_right,622367683476430_right,-7.30063663779981,112.751322984695,1,my_hood,data/mapillary_images_new/VhRsvgX03frqbokEC81T76/right
30.053799907691,612011294642187_right,612011294642187_right,-7.30166889680676,112.749627828598,1,my_hood,data/mapillary_images_new/Qycm8N0gHbjkBZCtdxMoY3/right
19.5065522147132,1526029454749032_right,1526029454749032_right,-7.3009239678658,112.749997973442,1,my_hood,data/mapillary_images_new/Qycm8N0gHbjkBZCtdxMoY3/right
278.599439845909,1277154300276451_right,1277154300276451_right,-7.30004069337073,112.748270630836,1,,data/mapillary_images_new/2WwrcMRsN6phxTSEt0yeKb/right
103.677251956512,1221979858870415_right,1221979858870415_right,-7.30243510813708,112.753012776375,1,my_hood,data/mapillary_images_new/Qycm8N0gHbjkBZCtdxMoY3/right
284.858808072949,1297916857999376_right,1297916857999376_right,-7.30231804815769,112.750899195671,1,my_hood,data/mapillary_images_new/VhRsvgX03frqbokEC81T76/right
100.205738299535,2624881827901132_right,2624881827901132_right,-7.3027650042777,112.751060128212,1,my_hood,data/mapillary_images_new/VhRsvgX03frqbokEC81T76/right
105.186007668452,1318383895846229_right,1318383895846229_right,-7.30147202285015,112.753549218178,1,my_hood,data/mapillary_images_new/Qycm8N0gHbjkBZCtdxMoY3/right
285.048016701617,1350397612987467_right,1350397612987467_right,-7.30300444487247,112.74847984314,1,,data/mapillary_images_new/VW2hY8wcJ3e4PDUjQivLGd/right
109.324264183967,1122781572643968_right,1122781572643968_right,-7.30262666076449,112.750550508499,1,my_hood,data/mapillary_images_new/VhRsvgX03frqbokEC81T76/right
298.806852460716,594709486786159_right,594709486786159_right,-7.29879027167529,112.750352025032,1,,data/mapillary_images_new/rLKfngGP2QWN4z7hej1FIu/right
180,899511172377883_right,899511172377883_right,-7.30384514638966,112.74959564209,1,,data/mapillary_images_new/VW2hY8wcJ3e4PDUjQivLGd/right
169.464456794001,961209619202063_right,961209619202063_right,-7.29864660598004,112.75030374527,1,,data/mapillary_images_new/VhRsvgX03frqbokEC81T76/right
358.167352101768,1121286939385657_right,1121286939385657_right,-7.29918934280894,112.751483917236,1,,data/mapillary_images_new/Qycm8N0gHbjkBZCtdxMoY3/right
104.942283785595,2392919027747417_right,2392919027747417_right,-7.30136028353891,112.753023505211,1,my_hood,data/mapillary_images_new/Qycm8N0gHbjkBZCtdxMoY3/right
102.627955797356,1008862814322735_right,1008862814322735_right,-7.30131239525412,112.752803564072,1,my_hood,data/mapillary_images_new/Qycm8N0gHbjkBZCtdxMoY3/right
279.235971590133,898527189138821_right,898527189138821_right,-7.30182852427552,112.752379775047,1,my_hood,data/mapillary_images_new/Qycm8N0gHbjkBZCtdxMoY3/right
113.669535821776,562026296643119_right,562026296643119_right,-7.29972675803968,112.748689055443,1,,data/mapillary_images_new/2WwrcMRsN6phxTSEt0yeKb/right
101.626426325237,3921567311434711_right,3921567311434711_right,-7.30407394463013,112.752728462219,1,,data/mapillary_images_new/wmL9oX1AljUsix742F0cZf/right
286.314561099042,1149720533406656_right,1149720533406656_right,-7.30201475625037,112.753146886826,1,my_hood,data/mapillary_images_new/Qycm8N0gHbjkBZCtdxMoY3/right
108.575395418342,3889628881352046_right,3889628881352046_right,-7.3025468471797,112.750164270401,1,my_hood,data/mapillary_images_new/VhRsvgX03frqbokEC81T76/right
109.586991776286,600343699353018_right,600343699353018_right,-7.30356313909493,112.754042744637,1,my_hood,data/mapillary_images_new/VhRsvgX03frqbokEC81T76/right
98.6850264791607,607976375142203_right,607976375142203_right,-7.30219566723738,112.752133011818,1,my_hood,data/mapillary_images_new/Qycm8N0gHbjkBZCtdxMoY3/right
109.23815795278,472365328926219_right,472365328926219_right,-7.30155715754472,112.749815583229,1,my_hood,data/mapillary_images_new/Qycm8N0gHbjkBZCtdxMoY3/right
287.234353295525,909167571364454_right,909167571364454_right,-7.30311086287344,112.748785614967,1,,data/mapillary_images_new/KEYQ7cuxoq089kXALyJD6R/right
104.735202849256,1283107696287611_right,1283107696287611_right,-7.3009239678658,112.75071144104,1,my_hood,data/mapillary_images_new/Qycm8N0gHbjkBZCtdxMoY3/right
286.828114221208,777456597907979_right,777456597907979_right,-7.30260005623781,112.752020359039,1,my_hood,data/mapillary_images_new/VhRsvgX03frqbokEC81T76/right
279.538295688959,906047201702273_right,906047201702273_right,-7.30308425837558,112.75397837162,1,my_hood,data/mapillary_images_new/VhRsvgX03frqbokEC81T76/right
281.726131665832,1565847100803381_right,1565847100803381_right,-7.30205732354803,112.753313183784,1,my_hood,data/mapillary_images_new/Qycm8N0gHbjkBZCtdxMoY3/right
278.195675910997,1241480933808814_right,1241480933808814_right,-7.30194026346973,112.749601006508,1,my_hood,data/mapillary_images_new/VhRsvgX03frqbokEC81T76/right
278.685001302784,975302384518857_right,975302384518857_right,-7.30090268416353,112.752964496613,1,my_hood,data/mapillary_images_new/Qycm8N0gHbjkBZCtdxMoY3/right
103.677271305731,1531479270872336_right,1531479270872336_right,-7.30308957927528,112.752320766449,1,my_hood,data/mapillary_images_new/VhRsvgX03frqbokEC81T76/right
105.873554091695,622728693524430_right,622728693524430_right,-7.30374937034725,112.751494646072,1,,data/mapillary_images_new/wmL9oX1AljUsix742F0cZf/right
99.8054975597476,523283207407563_right,523283207407563_right,-7.29832202775789,112.754150032997,1,,data/mapillary_images_new/t7ONjKynz6e5I4fvDqAYBW/right
198.295509796547,1343217177031817_right,1343217177031817_right,-7.30004601430666,112.748844623566,1,,data/mapillary_images_new/2WwrcMRsN6phxTSEt0yeKb/right
105.186086979297,972767858041120_right,972767858041120_right,-7.30391431796308,112.752084732056,1,,data/mapillary_images_new/wmL9oX1AljUsix742F0cZf/right
282.627981172248,818400937078100_right,818400937078100_right,-7.30225419724694,112.754166126251,1,my_hood,data/mapillary_images_new/Qycm8N0gHbjkBZCtdxMoY3/right
286.988369760164,1109649097534552_right,1109649097534552_right,-7.3031268255714,112.754144668579,1,my_hood,data/mapillary_images_new/VhRsvgX03frqbokEC81T76/right
102.361956853795,4003023440024282_right,4003023440024282_right,-7.30101974451344,112.751408815384,1,my_hood,data/mapillary_images_new/Qycm8N0gHbjkBZCtdxMoY3/right
97.4915029738936,608166438637239_right,608166438637239_right,-7.30324920623683,112.749601006508,1,,data/mapillary_images_new/wmL9oX1AljUsix742F0cZf/right
113.801201435263,1102929148292545_right,1102929148292545_right,-7.30247235448772,112.753146886826,1,my_hood,data/mapillary_images_new/Qycm8N0gHbjkBZCtdxMoY3/right
288.575266596479,1494800861204156_right,1494800861204156_right,-7.29922126848425,112.748501300812,1,,data/mapillary_images_new/rLKfngGP2QWN4z7hej1FIu/right
109.238044813549,1129516395842901_right,1129516395842901_right,-7.29871577835758,112.748394012451,1,,data/mapillary_images_new/rLKfngGP2QWN4z7hej1FIu/right
98.3640658106076,606121405436491_right,606121405436491_right,-7.30397284774763,112.752331495285,1,,data/mapillary_images_new/wmL9oX1AljUsix742F0cZf/right
282.905497242817,1284467509557214_right,1284467509557214_right,-7.3031321464706,112.748871445656,1,,data/mapillary_images_new/KEYQ7cuxoq089kXALyJD6R/right
287.785380856959,602389032182988_right,602389032182988_right,-7.30210521175303,112.750169634819,1,my_hood,data/mapillary_images_new/VhRsvgX03frqbokEC81T76/right
277.655983895665,452733537887984_right,452733537887984_right,-7.30071113079761,112.752052545547,1,my_hood,data/mapillary_images_new/Qycm8N0gHbjkBZCtdxMoY3/right
23.789729662315,9974136072613249_right,9974136072613249_right,-7.30357910177673,112.754327058792,1,my_hood,data/mapillary_images_new/VhRsvgX03frqbokEC81T76/right
269.99999986877,620194860443428_right,620194860443428_right,-7.30009390272704,112.748399376869,1,,data/mapillary_images_new/2WwrcMRsN6phxTSEt0yeKb/right
105.374040106889,1582016552676210_right,1582016552676210_right,-7.3041271535065,112.752921581268,1,,data/mapillary_images_new/wmL9oX1AljUsix742F0cZf/right
106.631906885351,1119134669400194_right,1119134669400194_right,-7.30275968337415,112.7543592453,1,my_hood,data/mapillary_images_new/Qycm8N0gHbjkBZCtdxMoY3/right
269.999999908138,2093973514338926_right,2093973514338926_right,-7.30414311616816,112.750244736671,1,,data/mapillary_images_new/wmL9oX1AljUsix742F0cZf/right
214.291187286928,1633596690923807_right,1633596690923807_right,-7.29937025493889,112.749112844467,1,,data/mapillary_images_new/rLKfngGP2QWN4z7hej1FIu/right
9.92839325754414,1011557177477702_right,1011557177477702_right,-7.30397816863675,112.749354243279,1,,data/mapillary_images_new/GfnECFq1P5zs8ldBytcZSH/right
199.650646520279,543698058630072_right,543698058630072_right,-7.30209456993015,112.748951911926,1,my_hood,data/mapillary_images_new/VhRsvgX03frqbokEC81T76/right
286.314489936815,609329558704644_right,609329558704644_right,-7.2999608793244,112.750502228737,1,my_hood,data/mapillary_images_new/VhRsvgX03frqbokEC81T76/right
197.392144959168,940102181518288_right,940102181518288_right,-7.29909356576934,112.750169634819,1,,data/mapillary_images_new/VhRsvgX03frqbokEC81T76/right
199.833848861196,2072545746503298_right,2072545746503298_right,-7.29905631913728,112.749230861664,1,,data/mapillary_images_new/rLKfngGP2QWN4z7hej1FIu/right
285.830672468458,563893069954474_right,563893069954474_right,-7.30228612270345,112.754310965538,1,my_hood,data/mapillary_images_new/Qycm8N0gHbjkBZCtdxMoY3/right
6.28918803797683,1266760087710429_right,1266760087710429_right,-7.30188173341911,112.749552726746,1,my_hood,data/mapillary_images_new/VhRsvgX03frqbokEC81T76/right
51.1124275139692,582774341121343_right,582774341121343_right,-7.30154119479072,112.749686837196,1,my_hood,data/mapillary_images_new/Qycm8N0gHbjkBZCtdxMoY3/right
289.802116810288,963119065676280_right,963119065676280_right,-7.30315343006673,112.748957276344,1,,data/mapillary_images_new/KEYQ7cuxoq089kXALyJD6R/right
208.106580462991,956463079692779_right,956463079692779_right,-7.29926915699295,112.749155759811,1,,data/mapillary_images_new/rLKfngGP2QWN4z7hej1FIu/right
183.339236117984,976784434311107_right,976784434311107_right,-7.29986510245001,112.748914361,1,,data/mapillary_images_new/2WwrcMRsN6phxTSEt0yeKb/right
80.9552061859868,1555111571803030_right,1555111571803030_right,-7.30262133985929,112.750523686409,1,my_hood,data/mapillary_images_new/VhRsvgX03frqbokEC81T76/right
286.069097689537,1307712477023825_right,1307712477023825_right,-7.30294591496116,112.748318910599,1,,data/mapillary_images_new/VW2hY8wcJ3e4PDUjQivLGd/right
199.294191139627,602813685570833_right,602813685570833_right,-7.29896586301795,112.750217914581,1,,data/mapillary_images_new/VhRsvgX03frqbokEC81T76/right
285.830650716833,3062061663942269_right,3062061663942269_right,-7.30164229222309,112.751660943031,1,my_hood,data/mapillary_images_new/Qycm8N0gHbjkBZCtdxMoY3/right
95.399374993402,1503276397010181_right,1503276397010181_right,-7.3033875495574,112.753415107727,1,my_hood,data/mapillary_images_new/VhRsvgX03frqbokEC81T76/right
285.048007049792,1679023779314086_right,1679023779314086_right,-7.30270115343077,112.752401232719,1,my_hood,data/mapillary_images_new/VhRsvgX03frqbokEC81T76/right
115.823518670448,2880683665428508_right,2880683665428508_right,-7.30270647433503,112.750813364983,1,my_hood,data/mapillary_images_new/VhRsvgX03frqbokEC81T76/right
103.237648741554,2902600576562730_right,2902600576562730_right,-7.30216906268508,112.752020359039,1,my_hood,data/mapillary_images_new/Qycm8N0gHbjkBZCtdxMoY3/right
300.459730109313,1317020056315521_right,1317020056315521_right,-7.29884880213051,112.750443220139,1,,data/mapillary_images_new/rLKfngGP2QWN4z7hej1FIu/right
286.828114448262,8938821986231494_right,8938821986231494_right,-7.30260537714328,112.752047181129,1,my_hood,data/mapillary_images_new/VhRsvgX03frqbokEC81T76/right
101.400023484574,598631472915296_right,598631472915296_right,-7.30317471366186,112.752621173859,1,my_hood,data/mapillary_images_new/VhRsvgX03frqbokEC81T76/right
285.241927005191,458947190607870_right,458947190607870_right,-7.30174338963261,112.752052545547,1,my_hood,data/mapillary_images_new/Qycm8N0gHbjkBZCtdxMoY3/right
289.029479034363,1621097945436525_right,1621097945436525_right,-7.30304701207591,112.748597860336,1,,data/mapillary_images_new/KEYQ7cuxoq089kXALyJD6R/right
205.52812412435,2241269339579413_right,2241269339579413_right,-7.30056214478959,112.749509811401,1,my_hood,data/mapillary_images_new/VhRsvgX03frqbokEC81T76/right
90.0000000835103,499168183183211_right,499168183183211_right,-7.30279692969775,112.754525542259,1,my_hood,data/mapillary_images_new/Qycm8N0gHbjkBZCtdxMoY3/right
283.097176784629,592420576854619_right,592420576854619_right,-7.30061003315473,112.751306891441,1,my_hood,data/mapillary_images_new/VhRsvgX03frqbokEC81T76/right
99.5382899020043,1307794897304803_right,1307794897304803_right,-7.30279160879456,112.754466533661,1,my_hood,data/mapillary_images_new/Qycm8N0gHbjkBZCtdxMoY3/right
114.40266516373,1240111887097482_right,1240111887097482_right,-7.29891265352747,112.749059200287,1,,data/mapillary_images_new/rLKfngGP2QWN4z7hej1FIu/right
2.36663078462408,1309764530445466_right,1309764530445466_right,-7.29921594753851,112.751483917236,1,,data/mapillary_images_new/Qycm8N0gHbjkBZCtdxMoY3/right
11.2205853506956,956634392555719_right,956634392555719_right,-7.30035462848146,112.75141954422,1,my_hood,data/mapillary_images_new/Qycm8N0gHbjkBZCtdxMoY3/right
290.709902119579,3900412093530760_right,3900412093530760_right,-7.30189769616094,112.752739191055,1,my_hood,data/mapillary_images_new/Qycm8N0gHbjkBZCtdxMoY3/right
102.071176048315,1168247758049967_right,1168247758049967_right,-7.30138156721941,112.753109335899,1,my_hood,data/mapillary_images_new/Qycm8N0gHbjkBZCtdxMoY3/right
289.169882768595,616776970910255_right,616776970910255_right,-7.30272243704742,112.75248169899,1,my_hood,data/mapillary_images_new/VhRsvgX03frqbokEC81T76/right
305.353946495682,1068288395071963_right,1068288395071963_right,-7.29983849775904,112.750126719475,1,my_hood,data/mapillary_images_new/VhRsvgX03frqbokEC81T76/right
102.627982241085,583031707792673_right,583031707792673_right,-7.30227548088487,112.752438783646,1,my_hood,data/mapillary_images_new/Qycm8N0gHbjkBZCtdxMoY3/right
0,1557289891637342_right,1557289891637342_right,-7.29985978151194,112.751478552818,1,my_hood,data/mapillary_images_new/Qycm8N0gHbjkBZCtdxMoY3/right
103.344900236567,1500686423910163_right,1500686423910163_right,-7.30129111157035,112.752717733383,1,my_hood,data/mapillary_images_new/Qycm8N0gHbjkBZCtdxMoY3/right
295.083454015937,1501848617152283_right,1501848617152283_right,-7.30226483906603,112.75073826313,1,my_hood,data/mapillary_images_new/VhRsvgX03frqbokEC81T76/right
279.236018349562,556984583987281_right,556984583987281_right,-7.30413247439378,112.750974297523,1,,data/mapillary_images_new/VW2hY8wcJ3e4PDUjQivLGd/right
79.6127309002331,477839632001564_right,477839632001564_right,-7.3017327478011,112.750400304794,1,my_hood,data/mapillary_images_new/Qycm8N0gHbjkBZCtdxMoY3/right
54.788437951809,996453778969373_right,996453778969373_right,-7.30279160879456,112.754552364349,1,my_hood,data/mapillary_images_new/Qycm8N0gHbjkBZCtdxMoY3/right
101.399970369896,579445248220768_right,579445248220768_right,-7.30104102821012,112.751172780991,1,my_hood,data/mapillary_images_new/Qycm8N0gHbjkBZCtdxMoY3/right
31.2223832138402,609743101630449_right,609743101630449_right,-7.30156779938041,112.749670743942,1,my_hood,data/mapillary_images_new/Qycm8N0gHbjkBZCtdxMoY3/right
286.631785880772,1128046065561289_right,1128046065561289_right,-7.29933300832988,112.748855352402,1,,data/mapillary_images_new/rLKfngGP2QWN4z7hej1FIu/right
280.575305686276,559972653688842_right,559972653688842_right,-7.3009080050892,112.753023505211,1,my_hood,data/mapillary_images_new/Qycm8N0gHbjkBZCtdxMoY3/right
104.858766742533,562353723619104_right,562353723619104_right,-7.30100378174025,112.751355171204,1,my_hood,data/mapillary_images_new/Qycm8N0gHbjkBZCtdxMoY3/right
283.344911970517,623959076737811_right,623959076737811_right,-7.30171678505337,112.751939892769,1,my_hood,data/mapillary_images_new/Qycm8N0gHbjkBZCtdxMoY3/right
197.609791855981,1315215479508654_right,1315215479508654_right,-7.29918934280894,112.749182581902,1,,data/mapillary_images_new/rLKfngGP2QWN4z7hej1FIu/right
13.1368355774817,919438757045341_right,919438757045341_right,-7.30348864657226,112.749472260475,1,,data/mapillary_images_new/KEYQ7cuxoq089kXALyJD6R/right
97.4117692546422,1120834685792832_right,1120834685792832_right,-7.29834331158295,112.754262685776,1,,data/mapillary_images_new/t7ONjKynz6e5I4fvDqAYBW/right
94.2709100074007,1289909258946664_right,1289909258946664_right,-7.30248299630162,112.753200531006,1,my_hood,data/mapillary_images_new/Qycm8N0gHbjkBZCtdxMoY3/right
110.2876312238,1250585106242729_right,1250585106242729_right,-7.30343543761992,112.753549218178,1,my_hood,data/mapillary_images_new/VhRsvgX03frqbokEC81T76/right
283.237604816308,538676049226142_right,538676049226142_right,-7.30064195872863,112.751725316048,1,my_hood,data/mapillary_images_new/Qycm8N0gHbjkBZCtdxMoY3/right
105.047990993561,1116287520224004_right,1116287520224004_right,-7.30219034632705,112.752106189728,1,my_hood,data/mapillary_images_new/Qycm8N0gHbjkBZCtdxMoY3/right
189.387025254731,1180185717019984_right,1180185717019984_right,-7.29853486596292,112.75030374527,1,,data/mapillary_images_new/VhRsvgX03frqbokEC81T76/right
109.238082000091,459316283903743_right,459316283903743_right,-7.29965226487792,112.748447656631,1,,data/mapillary_images_new/2WwrcMRsN6phxTSEt0yeKb/right
97.4118427667055,951005176955205_right,951005176955205_right,-7.30282885511551,112.75133907795,1,my_hood,data/mapillary_images_new/VhRsvgX03frqbokEC81T76/right
265.881075568658,1306420593721930_right,1306420593721930_right,-7.30382386282645,112.749729752541,1,,data/mapillary_images_new/VW2hY8wcJ3e4PDUjQivLGd/right
99.0448127751026,915629344048881_right,915629344048881_right,-7.30355249730673,112.750722169876,1,,data/mapillary_images_new/wmL9oX1AljUsix742F0cZf/right
102.43688460642,1783534622425075_right,1783534622425075_right,-7.30333966148973,112.753254175186,1,my_hood,data/mapillary_images_new/VhRsvgX03frqbokEC81T76/right
284.533696606746,2278990329153313_right,2278990329153313_right,-7.30165825497347,112.75171995163,1,my_hood,data/mapillary_images_new/Qycm8N0gHbjkBZCtdxMoY3/right
99.8608190174971,1350853749629441_right,1350853749629441_right,-7.30161568763785,112.754268050194,1,my_hood,data/mapillary_images_new/Qycm8N0gHbjkBZCtdxMoY3/right
99.8608163047002,1132480011786702_right,1132480011786702_right,-7.30149330652532,112.753661870956,1,my_hood,data/mapillary_images_new/Qycm8N0gHbjkBZCtdxMoY3/right
281.399917250681,570109709188360_right,570109709188360_right,-7.29890733257805,112.751156687737,1,,data/mapillary_images_new/Qycm8N0gHbjkBZCtdxMoY3/right
2.7042556042104,9463685947004261_right,9463685947004261_right,-7.29839652114117,112.750314474106,1,,data/mapillary_images_new/rLKfngGP2QWN4z7hej1FIu/right
187.067874854988,576490335312750_right,576490335312750_right,-7.29844973069306,112.750314474106,1,,data/mapillary_images_new/VhRsvgX03frqbokEC81T76/right
100.704520987803,1480099610045557_right,1480099610045557_right,-7.30347800478231,112.753683328629,1,my_hood,data/mapillary_images_new/VhRsvgX03frqbokEC81T76/right
106.631859422144,1661265041410992_right,1661265041410992_right,-7.30140817181858,112.753248810768,1,my_hood,data/mapillary_images_new/Qycm8N0gHbjkBZCtdxMoY3/right
103.429519535563,579673764702736_right,579673764702736_right,-7.30109955837079,112.751821875572,1,my_hood,data/mapillary_images_new/Qycm8N0gHbjkBZCtdxMoY3/right
197.109831800902,958644532801540_right,958644532801540_right,-7.30187641250504,112.749016284943,1,my_hood,data/mapillary_images_new/VhRsvgX03frqbokEC81T76/right
102.039047817631,945573583760575_right,945573583760575_right,-7.30388239262284,112.751972079277,1,,data/mapillary_images_new/wmL9oX1AljUsix742F0cZf/right
278.986652786349,1385019005797616_right,1385019005797616_right,-7.30300444487247,112.748458385468,1,,data/mapillary_images_new/KEYQ7cuxoq089kXALyJD6R/right
284.791187377395,577141455119399_right,577141455119399_right,-7.30315875096561,112.748989462852,1,,data/mapillary_images_new/KEYQ7cuxoq089kXALyJD6R/right
13.3902528321008,404696672653316_right,404696672653316_right,-7.30155715754472,112.754895687103,1,my_hood,data/mapillary_images_new/Qycm8N0gHbjkBZCtdxMoY3/right
127.701558548477,606462258602741_right,606462258602741_right,-7.2997480417979,112.748742699623,1,,data/mapillary_images_new/2WwrcMRsN6phxTSEt0yeKb/right
101.399991850896,1372143477097153_right,1372143477097153_right,-7.30190301707476,112.751017212868,1,my_hood,data/mapillary_images_new/Qycm8N0gHbjkBZCtdxMoY3/right
305.211594559825,592644476691541_right,592644476691541_right,-7.30332901969622,112.749724388123,1,,data/mapillary_images_new/wmL9oX1AljUsix742F0cZf/right
101.399904894287,1297138628280771_right,1297138628280771_right,-7.29840184209665,112.754600644112,1,,data/mapillary_images_new/t7ONjKynz6e5I4fvDqAYBW/right
96.8981777847508,1163157528702282_right,1163157528702282_right,-7.30150926928101,112.753742337227,1,my_hood,data/mapillary_images_new/Qycm8N0gHbjkBZCtdxMoY3/right
283.778835724556,1127281269003170_right,1127281269003170_right,-7.30172742688525,112.751993536949,1,my_hood,data/mapillary_images_new/Qycm8N0gHbjkBZCtdxMoY3/right
30.7582245084022,605435241864279_right,605435241864279_right,-7.30361634803207,112.754289507866,1,my_hood,data/mapillary_images_new/VhRsvgX03frqbokEC81T76/right
291.529374046629,567319476290670_right,567319476290670_right,-7.3009239678658,112.753077149391,1,my_hood,data/mapillary_images_new/Qycm8N0gHbjkBZCtdxMoY3/right
202.454825454786,522484897482288_right,522484897482288_right,-7.29913613334502,112.749198675156,1,,data/mapillary_images_new/rLKfngGP2QWN4z7hej1FIu/right
104.146345995241,967299365310246_right,967299365310246_right,-7.29962033923337,112.748367190361,1,,data/mapillary_images_new/2WwrcMRsN6phxTSEt0yeKb/right
103.677210789916,842583531226907_right,842583531226907_right,-7.30103570728605,112.751494646072,1,my_hood,data/mapillary_images_new/Qycm8N0gHbjkBZCtdxMoY3/right
96.3915935258005,905762605071072_right,905762605071072_right,-7.30125918604278,112.752546072006,1,my_hood,data/mapillary_images_new/Qycm8N0gHbjkBZCtdxMoY3/right
103.429555529237,494445617008106_right,494445617008106_right,-7.30234465270115,112.752685546875,1,my_hood,data/mapillary_images_new/Qycm8N0gHbjkBZCtdxMoY3/right
116.752126371267,517048293999179_right,517048293999179_right,-7.30189237524706,112.750990390778,1,my_hood,data/mapillary_images_new/Qycm8N0gHbjkBZCtdxMoY3/right
303.905855502148,946543324072620_right,946543324072620_right,-7.3039515641905,112.750480771065,1,,data/mapillary_images_new/VW2hY8wcJ3e4PDUjQivLGd/right
101.684396744676,1093538305849218_right,1093538305849218_right,-7.30340883314138,112.750228643417,1,,data/mapillary_images_new/wmL9oX1AljUsix742F0cZf/right
101.782304233821,1122464586159842_right,1122464586159842_right,-7.30279160879456,112.751172780991,1,my_hood,data/mapillary_images_new/VhRsvgX03frqbokEC81T76/right
296.752187361857,613646864374546_right,613646864374546_right,-7.30308425837558,112.748705148697,1,,data/mapillary_images_new/KEYQ7cuxoq089kXALyJD6R/right
110.709912509376,3491260154501507_right,3491260154501507_right,-7.30213713722019,112.751886248589,1,my_hood,data/mapillary_images_new/Qycm8N0gHbjkBZCtdxMoY3/right
162.77843340529,1145077053804334_right,1145077053804334_right,-7.30401009397016,112.750099897385,1,,data/mapillary_images_new/VW2hY8wcJ3e4PDUjQivLGd/right
103.602009701845,890200156612523_right,890200156612523_right,-7.30250427992867,112.753286361694,1,my_hood,data/mapillary_images_new/Qycm8N0gHbjkBZCtdxMoY3/right
197.392087143381,1132751041595870_right,1132751041595870_right,-7.30069516801341,112.750588059425,1,my_hood,data/mapillary_images_new/VhRsvgX03frqbokEC81T76/right
290.562887998158,624062276738111_right,624062276738111_right,-7.30303104937511,112.748565673828,1,,data/mapillary_images_new/VW2hY8wcJ3e4PDUjQivLGd/right
100.79867178255,484209397635149_right,484209397635149_right,-7.30227015997548,112.752411961555,1,my_hood,data/mapillary_images_new/Qycm8N0gHbjkBZCtdxMoY3/right
101.861782326098,613583317780155_right,613583317780155_right,-7.30151459019946,112.753769159317,1,my_hood,data/mapillary_images_new/Qycm8N0gHbjkBZCtdxMoY3/right
102.627943143953,574099522058999_right,574099522058999_right,-7.30084947490344,112.750625610352,1,my_hood,data/mapillary_images_new/VhRsvgX03frqbokEC81T76/right
251.424544041357,1047525334055123_right,1047525334055123_right,-7.30411119084425,112.750040888786,1,,data/mapillary_images_new/wmL9oX1AljUsix742F0cZf/right
108.575426752841,1740101586578536_right,1740101586578536_right,-7.30335562417952,112.750035524368,1,,data/mapillary_images_new/wmL9oX1AljUsix742F0cZf/right
279.805577805832,1538419200209431_right,1538419200209431_right,-7.30207860719533,112.753393650055,1,my_hood,data/mapillary_images_new/Qycm8N0gHbjkBZCtdxMoY3/right
99.163326399889,1110833160665503_right,1110833160665503_right,-7.30102506543771,112.751435637474,1,my_hood,data/mapillary_images_new/Qycm8N0gHbjkBZCtdxMoY3/right
290.246287398981,412771271825224_right,412771271825224_right,-7.30306297477614,112.748651504517,1,,data/mapillary_images_new/KEYQ7cuxoq089kXALyJD6R/right
272.220589680241,591874396779466_right,591874396779466_right,-7.30209989084162,112.750142812729,1,my_hood,data/mapillary_images_new/VhRsvgX03frqbokEC81T76/right
174.335387806493,957718635691838_right,957718635691838_right,-7.29964162299666,112.750743627548,1,my_hood,data/mapillary_images_new/VhRsvgX03frqbokEC81T76/right
282.905501909239,608310571690766_right,608310571690766_right,-7.30329709431417,112.749397158623,1,,data/mapillary_images_new/KEYQ7cuxoq089kXALyJD6R/right
34.9981542167873,1227159775046961_right,1227159775046961_right,-7.30080158656396,112.75005698204,1,my_hood,data/mapillary_images_new/Qycm8N0gHbjkBZCtdxMoY3/right
6.52900400497771,952799426788824_right,952799426788824_right,-7.30367487785563,112.749719023705,1,,data/mapillary_images_new/VW2hY8wcJ3e4PDUjQivLGd/right
299.946237682995,1812863582859693_right,1812863582859693_right,-7.30129111157035,112.754927873611,1,my_hood,data/mapillary_images_new/Qycm8N0gHbjkBZCtdxMoY3/right
108.015505039708,1933984313756479_right,1933984313756479_right,-7.30301508667372,112.752014994621,1,my_hood,data/mapillary_images_new/VhRsvgX03frqbokEC81T76/right
313.111745006882,1036910918464870_right,1036910918464870_right,-7.304057981966,112.752385139465,1,,data/mapillary_images_new/VW2hY8wcJ3e4PDUjQivLGd/right
104.942345197416,995371015763325_right,995371015763325_right,-7.3032811316223,112.749767303467,1,,data/mapillary_images_new/wmL9oX1AljUsix742F0cZf/right
196.377710083476,647392837723950_right,647392837723950_right,-7.30201475625037,112.748978734016,1,my_hood,data/mapillary_images_new/VhRsvgX03frqbokEC81T76/right
185.664626830169,8898416216874068_right,8898416216874068_right,-7.29847633546663,112.750309109688,1,,data/mapillary_images_new/VhRsvgX03frqbokEC81T76/right
106.068960199966,383808994793768_right,383808994793768_right,-7.2989020116286,112.749032378197,1,,data/mapillary_images_new/rLKfngGP2QWN4z7hej1FIu/right
107.23430293279,1730999724110443_right,1730999724110443_right,-7.30171146413733,112.75471329689,1,my_hood,data/mapillary_images_new/Qycm8N0gHbjkBZCtdxMoY3/right
4.929613304388,1806618646777283_right,1806618646777283_right,-7.30402073574744,112.74954199791,1,,data/mapillary_images_new/wmL9oX1AljUsix742F0cZf/right
290.475569396431,993146416188119_right,993146416188119_right,-7.30215309995292,112.75033056736,1,my_hood,data/mapillary_images_new/VhRsvgX03frqbokEC81T76/right
107.660045049771,8355374591229505_right,8355374591229505_right,-7.30346204209688,112.750394940376,1,,data/mapillary_images_new/wmL9oX1AljUsix742F0cZf/right
104.533680358879,1663655497519598_right,1663655497519598_right,-7.30111552114056,112.751880884171,1,my_hood,data/mapillary_images_new/Qycm8N0gHbjkBZCtdxMoY3/right
18.9496721486741,959269182786779_right,959269182786779_right,-7.30350993015145,112.74970293045,1,,data/mapillary_images_new/wmL9oX1AljUsix742F0cZf/right
195.521554729803,1599826127407042_right,1599826127407042_right,-7.30115808852381,112.74926841259,1,my_hood,data/mapillary_images_new/VhRsvgX03frqbokEC81T76/right
63.2477606976313,1081104010383439_right,1081104010383439_right,-7.30409522818144,112.752304673195,1,,data/mapillary_images_new/VW2hY8wcJ3e4PDUjQivLGd/right
101.400032428235,620099400483508_right,620099400483508_right,-7.3035312137296,112.753930091858,1,my_hood,data/mapillary_images_new/VhRsvgX03frqbokEC81T76/right
106.314519882995,598252636122395_right,598252636122395_right,-7.30081222841763,112.750309109688,1,my_hood,data/mapillary_images_new/Qycm8N0gHbjkBZCtdxMoY3/right
99.2850165260464,551793247853046_right,551793247853046_right,-7.30121661866916,112.752320766449,1,my_hood,data/mapillary_images_new/Qycm8N0gHbjkBZCtdxMoY3/right
287.58107558623,3807914169475927_right,3807914169475927_right,-7.30170082230507,112.751886248589,1,my_hood,data/mapillary_images_new/Qycm8N0gHbjkBZCtdxMoY3/right
295.644862148551,877799897766779_right,877799897766779_right,-7.30093993064183,112.753130793571,1,my_hood,data/mapillary_images_new/Qycm8N0gHbjkBZCtdxMoY3/right
288.106547263116,1093917955850348_right,1093917955850348_right,-7.30305233297605,112.748624682426,1,,data/mapillary_images_new/KEYQ7cuxoq089kXALyJD6R/right
2.98838668007932,934400215334801_right,934400215334801_right,-7.3037866165884,112.749418616295,1,,data/mapillary_images_new/KEYQ7cuxoq089kXALyJD6R/right
278.816494390344,592773120373955_right,592773120373955_right,-7.2989020116286,112.750636339188,1,,data/mapillary_images_new/rLKfngGP2QWN4z7hej1FIu/right
2.02884545116035,607147685143914_right,607147685143914_right,-7.29949795757481,112.751478552818,1,,data/mapillary_images_new/Qycm8N0gHbjkBZCtdxMoY3/right
9.38699280911288,4020767271581773_right,4020767271581773_right,-7.3001098655327,112.751478552818,1,my_hood,data/mapillary_images_new/Qycm8N0gHbjkBZCtdxMoY3/right
26.378930873769,1114995530203606_right,1114995530203606_right,-7.30104634913414,112.749938964844,1,my_hood,data/mapillary_images_new/Qycm8N0gHbjkBZCtdxMoY3/right
110.92747046541,562816269905936_right,562816269905936_right,-7.30272775795143,112.750893831253,1,my_hood,data/mapillary_images_new/VhRsvgX03frqbokEC81T76/right
103.344936370917,978592087653530_right,978592087653530_right,-7.30255216808581,112.753474116325,1,my_hood,data/mapillary_images_new/Qycm8N0gHbjkBZCtdxMoY3/right
4.36319221922088,1376057606694659_right,1376057606694659_right,-7.29972143709996,112.751483917236,1,my_hood,data/mapillary_images_new/Qycm8N0gHbjkBZCtdxMoY3/right
353.710832463,526045113780999_right,526045113780999_right,-7.30335030328298,112.749740481377,1,,data/mapillary_images_new/wmL9oX1AljUsix742F0cZf/right
278.433324087539,412925835142891_right,412925835142891_right,-7.30285545962857,112.753007411957,1,my_hood,data/mapillary_images_new/VhRsvgX03frqbokEC81T76/right
295.644784422147,1445654403069847_right,1445654403069847_right,-7.29938089682662,112.748984098434,1,,data/mapillary_images_new/rLKfngGP2QWN4z7hej1FIu/right
105.373975558231,8707390416026615_right,8707390416026615_right,-7.30216374177442,112.751993536949,1,my_hood,data/mapillary_images_new/Qycm8N0gHbjkBZCtdxMoY3/right
285.542203459098,906608328350163_right,906608328350163_right,-7.30255748899184,112.751886248589,1,my_hood,data/mapillary_images_new/VhRsvgX03frqbokEC81T76/right
283.498061963499,1352897019457581_right,1352897019457581_right,-7.30388239262284,112.750180363655,1,,data/mapillary_images_new/VW2hY8wcJ3e4PDUjQivLGd/right
92.1384261641333,1236812237426168_right,1236812237426168_right,-7.30261069804868,112.75041103363,1,my_hood,data/mapillary_images_new/VhRsvgX03frqbokEC81T76/right
96.3915583516214,579073041588923_right,579073041588923_right,-7.29877430882254,112.748608589172,1,,data/mapillary_images_new/rLKfngGP2QWN4z7hej1FIu/right
282.297203028743,1037076798131882_right,1037076798131882_right,-7.30212649539806,112.753613591194,1,my_hood,data/mapillary_images_new/Qycm8N0gHbjkBZCtdxMoY3/right
279.538295112883,1029436345608260_right,1029436345608260_right,-7.30305765387614,112.753838896751,1,my_hood,data/mapillary_images_new/VhRsvgX03frqbokEC81T76/right
287.373902561654,602186612168369_right,602186612168369_right,-7.2999395955763,112.750416398048,1,my_hood,data/mapillary_images_new/VhRsvgX03frqbokEC81T76/right
217.930682503292,461763946976685_right,461763946976685_right,-7.30370148231835,112.750067710876,1,,data/mapillary_images_new/VW2hY8wcJ3e4PDUjQivLGd/right
303.9058148159,579720384823648_right,579720384823648_right,-7.30326516892984,112.749316692352,1,,data/mapillary_images_new/KEYQ7cuxoq089kXALyJD6R/right
354.335384181816,880545717484358_right,880545717484358_right,-7.29935429210684,112.751478552818,1,,data/mapillary_images_new/Qycm8N0gHbjkBZCtdxMoY3/right
287.374001382475,505785815863412_right,505785815863412_right,-7.3026479443847,112.75220811367,1,my_hood,data/mapillary_images_new/VhRsvgX03frqbokEC81T76/right
104.648235757377,3702027743269019_right,3702027743269019_right,-7.30308425837558,112.752288579941,1,my_hood,data/mapillary_images_new/VhRsvgX03frqbokEC81T76/right
102.190731040357,960874406104503_right,960874406104503_right,-7.30311618377283,112.752401232719,1,my_hood,data/mapillary_images_new/VhRsvgX03frqbokEC81T76/right
285.185996215398,3867347260174948_right,3867347260174948_right,-7.30112616298675,112.754010558128,1,my_hood,data/mapillary_images_new/Qycm8N0gHbjkBZCtdxMoY3/right
290.709887352638,3796862050576039_right,3796862050576039_right,-7.30154651570878,112.751333713531,1,my_hood,data/mapillary_images_new/Qycm8N0gHbjkBZCtdxMoY3/right
99.2850254081614,518644201183152_right,518644201183152_right,-7.30165293405675,112.754434347153,1,my_hood,data/mapillary_images_new/Qycm8N0gHbjkBZCtdxMoY3/right
284.146425804808,865275508878628_right,865275508878628_right,-7.3022595181565,112.754192948341,1,my_hood,data/mapillary_images_new/Qycm8N0gHbjkBZCtdxMoY3/right
216.031753054853,1273844410556751_right,1273844410556751_right,-7.29978528837233,112.749901413918,1,my_hood,data/mapillary_images_new/VhRsvgX03frqbokEC81T76/right
284.791179766033,1752585888860820_right,1752585888860820_right,-7.30291931045348,112.748238444328,1,,data/mapillary_images_new/VW2hY8wcJ3e4PDUjQivLGd/right
103.344957503898,1341007513940858_right,1341007513940858_right,-7.30328645251964,112.753034234047,1,my_hood,data/mapillary_images_new/VhRsvgX03frqbokEC81T76/right
281.782299182545,1692099174737763_right,1692099174737763_right,-7.30261069804868,112.75207400322,1,my_hood,data/mapillary_images_new/VhRsvgX03frqbokEC81T76/right
286.828112264363,1118234333224648_right,1118234333224648_right,-7.30254152627354,112.75182723999,1,my_hood,data/mapillary_images_new/VhRsvgX03frqbokEC81T76/right
100.704503211156,1133621318203919_right,1133621318203919_right,-7.30271711614336,112.754166126251,1,my_hood,data/mapillary_images_new/Qycm8N0gHbjkBZCtdxMoY3/right
103.677267153496,1669211497337141_right,1669211497337141_right,-7.30294591496116,112.75177359581,1,my_hood,data/mapillary_images_new/VhRsvgX03frqbokEC81T76/right
104.648191789062,1646534196269067_right,1646534196269067_right,-7.30167953863979,112.750185728073,1,my_hood,data/mapillary_images_new/Qycm8N0gHbjkBZCtdxMoY3/right
99.8608160933182,588822790764939_right,588822790764939_right,-7.30148266468785,112.753602862358,1,my_hood,data/mapillary_images_new/Qycm8N0gHbjkBZCtdxMoY3/right
274.118896877746,1134593768372441_right,1134593768372441_right,-7.30086011675597,112.752744555473,1,my_hood,data/mapillary_images_new/Qycm8N0gHbjkBZCtdxMoY3/right
290.709934635648,1515357792475719_right,1515357792475719_right,-7.30266390709919,112.752261757851,1,my_hood,data/mapillary_images_new/VhRsvgX03frqbokEC81T76/right
275.236628895693,9885784294770182_right,9885784294770182_right,-7.29891797447679,112.751381993294,1,,data/mapillary_images_new/Qycm8N0gHbjkBZCtdxMoY3/right
203.0301960101,962489032431511_right,962489032431511_right,-7.30072177265343,112.750577330589,1,my_hood,data/mapillary_images_new/VhRsvgX03frqbokEC81T76/right
18.2954461253876,460190233584547_right,460190233584547_right,-7.30171678505337,112.749606370926,1,my_hood,data/mapillary_images_new/Qycm8N0gHbjkBZCtdxMoY3/right
291.96265165433,1295813951739364_right,1295813951739364_right,-7.29939153871409,112.749010920525,1,,data/mapillary_images_new/rLKfngGP2QWN4z7hej1FIu/right
9.38696429052663,519603741238101_right,519603741238101_right,-7.30150394836251,112.754911780357,1,my_hood,data/mapillary_images_new/Qycm8N0gHbjkBZCtdxMoY3/right
2.83923901454216,1546265535871561_right,1546265535871561_right,-7.30039719593712,112.750668525696,1,my_hood,data/mapillary_images_new/VhRsvgX03frqbokEC81T76/right
294.953123305308,2682457775291495_right,2682457775291495_right,-7.30184980793371,112.752460241318,1,my_hood,data/mapillary_images_new/Qycm8N0gHbjkBZCtdxMoY3/right
16.7979756290168,914285240829366_right,914285240829366_right,-7.30247235448772,112.754648923874,1,my_hood,data/mapillary_images_new/Qycm8N0gHbjkBZCtdxMoY3/right
191.675498983911,524412233980028_right,524412233980028_right,-7.30118469313629,112.749257683754,1,my_hood,data/mapillary_images_new/VhRsvgX03frqbokEC81T76/right
51.898649922281,909466827973639_right,909466827973639_right,-7.30261601895401,112.750464677811,1,my_hood,data/mapillary_images_new/VhRsvgX03frqbokEC81T76/right
307.093978865713,1224066642028492_right,1224066642028492_right,-7.3000140886902,112.750689983368,1,my_hood,data/mapillary_images_new/VhRsvgX03frqbokEC81T76/right
111.318642406998,1020482943453615_right,1020482943453615_right,-7.29831670680147,112.754123210907,1,,data/mapillary_images_new/t7ONjKynz6e5I4fvDqAYBW/right
97.7581510560241,1584141905556124_right,1584141905556124_right,-7.29832734871425,112.754182219505,1,,data/mapillary_images_new/t7ONjKynz6e5I4fvDqAYBW/right
16.5712531026394,941327544627667_right,941327544627667_right,-7.30244574995186,112.754654288292,1,my_hood,data/mapillary_images_new/Qycm8N0gHbjkBZCtdxMoY3/right
90.0000001837209,1274621363779341_right,1274621363779341_right,-7.29851358214698,112.755458950996,1,,data/mapillary_images_new/t7ONjKynz6e5I4fvDqAYBW/right
289.436027510255,936828985089304_right,936828985089304_right,-7.30304169117569,112.748592495918,1,,data/mapillary_images_new/VW2hY8wcJ3e4PDUjQivLGd/right
282.976746511754,595703333404715_right,595703333404715_right,-7.30288206414006,112.753120064735,1,my_hood,data/mapillary_images_new/VhRsvgX03frqbokEC81T76/right
102.824956783663,1034272548418559_right,1034272548418559_right,-7.30163165038918,112.754353880882,1,my_hood,data/mapillary_images_new/Qycm8N0gHbjkBZCtdxMoY3/right
21.0934480931811,445706251949921_right,445706251949921_right,-7.30024288889103,112.75144636631,1,my_hood,data/mapillary_images_new/Qycm8N0gHbjkBZCtdxMoY3/right
103.237614537333,1502079930481781_right,1502079930481781_right,-7.30097185619218,112.750931382179,1,my_hood,data/mapillary_images_new/Qycm8N0gHbjkBZCtdxMoY3/right
113.801171881502,980610844087854_right,980610844087854_right,-7.30184448701927,112.750861644745,1,my_hood,data/mapillary_images_new/Qycm8N0gHbjkBZCtdxMoY3/right
233.94050243963,1494615664543512_right,1494615664543512_right,-7.30381854193548,112.74994969368,1,,data/mapillary_images_new/VW2hY8wcJ3e4PDUjQivLGd/right
201.641118827212,1277923793450107_right,1277923793450107_right,-7.29929576171777,112.749145030975,1,,data/mapillary_images_new/rLKfngGP2QWN4z7hej1FIu/right
11.794917556449,1337152620792843_right,1337152620792843_right,-7.30337158686874,112.754407525063,1,my_hood,data/mapillary_images_new/VhRsvgX03frqbokEC81T76/right
280.870407996607,1882668205474474_right,1882668205474474_right,-7.30314810916779,112.748951911926,1,,data/mapillary_images_new/VW2hY8wcJ3e4PDUjQivLGd/right
285.373984656791,1667578533793932_right,1667578533793932_right,-7.30245107085916,112.75144636631,1,my_hood,data/mapillary_images_new/VhRsvgX03frqbokEC81T76/right
289.169868700284,572851449044001_right,572851449044001_right,-7.30237125724302,112.751113772392,1,my_hood,data/mapillary_images_new/VhRsvgX03frqbokEC81T76/right
284.648177313405,2475569802774888_right,2475569802774888_right,-7.30123258143475,112.754627466202,1,my_hood,data/mapillary_images_new/Qycm8N0gHbjkBZCtdxMoY3/right
275.756959838192,1779275409539285_right,1779275409539285_right,-7.30103570728605,112.75357067585,1,my_hood,data/mapillary_images_new/Qycm8N0gHbjkBZCtdxMoY3/right
201.212807567869,1538810423485229_right,1538810423485229_right,-7.30113148390976,112.749279141426,1,my_hood,data/mapillary_images_new/VhRsvgX03frqbokEC81T76/right
191.675526907728,4033286123663625_right,4033286123663625_right,-7.3000885817917,112.750722169876,1,my_hood,data/mapillary_images_new/VhRsvgX03frqbokEC81T76/right
101.399982646524,1316182663132269_right,1316182663132269_right,-7.30153055295442,112.753854990005,1,my_hood,data/mapillary_images_new/Qycm8N0gHbjkBZCtdxMoY3/right
106.828133624397,455660787408262_right,455660787408262_right,-7.30313746736972,112.75248169899,1,my_hood,data/mapillary_images_new/VhRsvgX03frqbokEC81T76/right
285.542205876094,542679792101985_right,542679792101985_right,-7.30262666076449,112.752159833908,1,my_hood,data/mapillary_images_new/VhRsvgX03frqbokEC81T76/right
282.436839208482,879486644266101_right,879486644266101_right,-7.30166889680676,112.75177359581,1,my_hood,data/mapillary_images_new/Qycm8N0gHbjkBZCtdxMoY3/right
104.974728906686,3922463461372200_right,3922463461372200_right,-7.30394624330106,112.752218842506,1,,data/mapillary_images_new/wmL9oX1AljUsix742F0cZf/right
99.0447766636302,1333446641123743_right,1333446641123743_right,-7.30174338963261,112.750453948975,1,my_hood,data/mapillary_images_new/Qycm8N0gHbjkBZCtdxMoY3/right
98.1956846772911,2029960914114973_right,2029960914114973_right,-7.30240318269119,112.749681472778,1,my_hood,data/mapillary_images_new/VhRsvgX03frqbokEC81T76/right
101.39997943557,1687820335470909_right,1687820335470909_right,-7.30140285089887,112.75321662426,1,my_hood,data/mapillary_images_new/Qycm8N0gHbjkBZCtdxMoY3/right
284.146377315043,1309793640440486_right,1309793640440486_right,-7.30066324244331,112.751832604408,1,my_hood,data/mapillary_images_new/Qycm8N0gHbjkBZCtdxMoY3/right
104.146446595333,566823439652384_right,566823439652384_right,-7.30293527315827,112.75171995163,1,my_hood,data/mapillary_images_new/VhRsvgX03frqbokEC81T76/right
17.5158145681985,768177535531412_right,768177535531412_right,-7.30071645172553,112.751306891441,1,my_hood,data/mapillary_images_new/VhRsvgX03frqbokEC81T76/right
105.54218613549,1266583874624226_right,1266583874624226_right,-7.30202007716281,112.751478552818,1,my_hood,data/mapillary_images_new/Qycm8N0gHbjkBZCtdxMoY3/right
287.121696849964,1897628687435844_right,1897628687435844_right,-7.30326516892984,112.749370336533,1,,data/mapillary_images_new/VW2hY8wcJ3e4PDUjQivLGd/right
106.069051478468,1313931012945617_right,1313931012945617_right,-7.30158376213345,112.754101753235,1,my_hood,data/mapillary_images_new/Qycm8N0gHbjkBZCtdxMoY3/right
188.065070604265,1323015285793270_right,1323015285793270_right,-7.30016839581525,112.750695347786,1,my_hood,data/mapillary_images_new/VhRsvgX03frqbokEC81T76/right
14.3577939311605,982968053654509_right,982968053654509_right,-7.3025255635547,112.754638195038,1,my_hood,data/mapillary_images_new/Qycm8N0gHbjkBZCtdxMoY3/right
95.4845386661118,1936481146838784_right,1936481146838784_right,-7.30157312029816,112.754048109055,1,my_hood,data/mapillary_images_new/Qycm8N0gHbjkBZCtdxMoY3/right
109.238193068377,454554847526498_right,454554847526498_right,-7.30243510813708,112.749788761139,1,my_hood,data/mapillary_images_new/VhRsvgX03frqbokEC81T76/right
288.015365277315,572233039041712_right,572233039041712_right,-7.29931704549651,112.748801708221,1,,data/mapillary_images_new/rLKfngGP2QWN4z7hej1FIu/right
289.029487302379,1506300910234105_right,1506300910234105_right,-7.30325452713456,112.749289870262,1,,data/mapillary_images_new/KEYQ7cuxoq089kXALyJD6R/right
107.373955774763,934736295450212_right,934736295450212_right,-7.30138688813936,112.75313615799,1,my_hood,data/mapillary_images_new/Qycm8N0gHbjkBZCtdxMoY3/right
106.827982001538,468098006057704_right,468098006057704_right,-7.29886476498061,112.748898267746,1,,data/mapillary_images_new/rLKfngGP2QWN4z7hej1FIu/right
197.392147505167,852798010164111_right,852798010164111_right,-7.2990297143982,112.7492415905,1,,data/mapillary_images_new/rLKfngGP2QWN4z7hej1FIu/right
93.9773094128118,1789799355167969_right,1789799355167969_right,-7.29851358214698,112.755485773087,1,,data/mapillary_images_new/t7ONjKynz6e5I4fvDqAYBW/right
104.146480818457,1983760885465762_right,1983760885465762_right,-7.304057981966,112.752669453621,1,,data/mapillary_images_new/wmL9oX1AljUsix742F0cZf/right
207.704871334756,1834188920320889_right,1834188920320889_right,-7.3003333447521,112.749617099762,1,my_hood,data/mapillary_images_new/VhRsvgX03frqbokEC81T76/right
110.287637107103,1119925926505257_right,1119925926505257_right,-7.30357910177673,112.754096388817,1,my_hood,data/mapillary_images_new/VhRsvgX03frqbokEC81T76/right
103.778892654455,1665342390684021_right,1665342390684021_right,-7.30363231071199,112.751054763794,1,,data/mapillary_images_new/wmL9oX1AljUsix742F0cZf/right
277.916697356243,1630093680976352_right,1630093680976352_right,-7.30108891652398,112.753817439079,1,my_hood,data/mapillary_images_new/Qycm8N0gHbjkBZCtdxMoY3/right
112.785974938127,993105692647625_right,993105692647625_right,-7.30181256153121,112.750727534294,1,my_hood,data/mapillary_images_new/Qycm8N0gHbjkBZCtdxMoY3/right
208.106609675815,1315367619898871_right,1315367619898871_right,-7.29872642026086,112.750298380852,1,,data/mapillary_images_new/VhRsvgX03frqbokEC81T76/right
105.374038983019,598370122893375_right,598370122893375_right,-7.30409522818144,112.75280892849,1,,data/mapillary_images_new/wmL9oX1AljUsix742F0cZf/right
280.972354294158,1191625462529083_right,1191625462529083_right,-7.3009878189665,112.753323912621,1,my_hood,data/mapillary_images_new/Qycm8N0gHbjkBZCtdxMoY3/right
285.047959953813,1097447492162647_right,1097447492162647_right,-7.30123258143475,112.750164270401,1,my_hood,data/mapillary_images_new/Qycm8N0gHbjkBZCtdxMoY3/right
189.387027821139,1321246189293985_right,1321246189293985_right,-7.29842312591791,112.750314474106,1,,data/mapillary_images_new/VhRsvgX03frqbokEC81T76/right
269.999999854957,1850576532140991_right,1850576532140991_right,-7.2989020116286,112.751049399376,1,,data/mapillary_images_new/Qycm8N0gHbjkBZCtdxMoY3/right
3.15411966309011,547038541664995_right,547038541664995_right,-7.29834331158295,112.750314474106,1,,data/mapillary_images_new/rLKfngGP2QWN4z7hej1FIu/right
100.520836495315,3900636090199226_right,3900636090199226_right,-7.29847101451205,112.755147814751,1,,data/mapillary_images_new/t7ONjKynz6e5I4fvDqAYBW/right
103.429526644012,938445834889923_right,938445834889923_right,-7.30134964169829,112.752969861031,1,my_hood,data/mapillary_images_new/Qycm8N0gHbjkBZCtdxMoY3/right
284.146393779935,1149550563448194_right,1149550563448194_right,-7.30120597682512,112.750051617622,1,my_hood,data/mapillary_images_new/Qycm8N0gHbjkBZCtdxMoY3/right
154.717188822475,1128236645640037_right,1128236645640037_right,-7.29983849775904,112.748914361,1,,data/mapillary_images_new/2WwrcMRsN6phxTSEt0yeKb/right
99.5383153655926,1549924359053334_right,1549924359053334_right,-7.3039994521926,112.752449512482,1,,data/mapillary_images_new/wmL9oX1AljUsix742F0cZf/right
103.677277725074,1041043541399334_right,1041043541399334_right,-7.30330773610844,112.749874591827,1,,data/mapillary_images_new/wmL9oX1AljUsix742F0cZf/right
288.575268433315,1119713852508638_right,1119713852508638_right,-7.29926915699295,112.748662233353,1,,data/mapillary_images_new/rLKfngGP2QWN4z7hej1FIu/right
111.080658394666,587008424087020_right,587008424087020_right,-7.30306297477614,112.75220811367,1,my_hood,data/mapillary_images_new/VhRsvgX03frqbokEC81T76/right
205.378972603888,581214207862937_right,581214207862937_right,-7.29910952861069,112.749209403992,1,,data/mapillary_images_new/rLKfngGP2QWN4z7hej1FIu/right
289.947976859481,1992774734535398_right,1992774734535398_right,-7.30057810757854,112.751172780991,1,my_hood,data/mapillary_images_new/VhRsvgX03frqbokEC81T76/right
40.0063310161065,1544292582890179_right,1544292582890179_right,-7.30391431796308,112.749370336533,1,,data/mapillary_images_new/KEYQ7cuxoq089kXALyJD6R/right
273.205768160065,1703894276853561_right,1703894276853561_right,-7.30100910266471,112.753431200981,1,my_hood,data/mapillary_images_new/Qycm8N0gHbjkBZCtdxMoY3/right
109.068299777913,1121872062765518_right,1121872062765518_right,-7.30341947493298,112.750260829926,1,,data/mapillary_images_new/wmL9oX1AljUsix742F0cZf/right
99.5382996611221,1776639999768625_right,1776639999768625_right,-7.30325452713456,112.749654650688,1,,data/mapillary_images_new/wmL9oX1AljUsix742F0cZf/right
106.516283470029,582929137867126_right,582929137867126_right,-7.30231804815769,112.749300599098,1,my_hood,data/mapillary_images_new/VhRsvgX03frqbokEC81T76/right
106.0690842304,1150065156693137_right,1150065156693137_right,-7.30254152627354,112.750137448311,1,my_hood,data/mapillary_images_new/VhRsvgX03frqbokEC81T76/right
101.399969539942,1224296978670190_right,1224296978670190_right,-7.30100378174025,112.75103867054,1,my_hood,data/mapillary_images_new/Qycm8N0gHbjkBZCtdxMoY3/right
98.4333356658507,3857975187809711_right,3857975187809711_right,-7.30345140030629,112.753602862358,1,my_hood,data/mapillary_images_new/VhRsvgX03frqbokEC81T76/right
292.199007310931,1226907691718475_right,1226907691718475_right,-7.30295655676379,112.748345732689,1,,data/mapillary_images_new/VW2hY8wcJ3e4PDUjQivLGd/right
104.14641151572,2610983785760279_right,2610983785760279_right,-7.3017753151256,112.750593423843,1,my_hood,data/mapillary_images_new/Qycm8N0gHbjkBZCtdxMoY3/right
111.194175111245,1110043300765815_right,1110043300765815_right,-7.29896054206918,112.749220132828,1,,data/mapillary_images_new/rLKfngGP2QWN4z7hej1FIu/right
102.780716721866,523409057380114_right,523409057380114_right,-7.30367487785563,112.751221060753,1,,data/mapillary_images_new/wmL9oX1AljUsix742F0cZf/right
96.3915533710251,892073796098997_right,892073796098997_right,-7.29842312591791,112.754772305489,1,,data/mapillary_images_new/t7ONjKynz6e5I4fvDqAYBW/right
290.376717791024,1660464508227063_right,1660464508227063_right,-7.30297784036827,112.748399376869,1,,data/mapillary_images_new/VW2hY8wcJ3e4PDUjQivLGd/right
101.399965985219,1280940466451217_right,1280940466451217_right,-7.30086543768213,112.750496864319,1,my_hood,data/mapillary_images_new/Qycm8N0gHbjkBZCtdxMoY3/right
269.999999799053,1106889350906746_right,1106889350906746_right,-7.30306297477614,112.753865718842,1,my_hood,data/mapillary_images_new/VhRsvgX03frqbokEC81T76/right
104.533714698926,1664034477870838_right,1664034477870838_right,-7.30222227178814,112.752218842506,1,my_hood,data/mapillary_images_new/Qycm8N0gHbjkBZCtdxMoY3/right
286.069080410597,3816763011907205_right,3816763011907205_right,-7.30244042904449,112.751387357712,1,my_hood,data/mapillary_images_new/VhRsvgX03frqbokEC81T76/right
105.542166995068,623754900330933_right,623754900330933_right,-7.30144541825476,112.753409743309,1,my_hood,data/mapillary_images_new/Qycm8N0gHbjkBZCtdxMoY3/right
103.601966523674,1644362889777590_right,1644362889777590_right,-7.3010303863619,112.751462459564,1,my_hood,data/mapillary_images_new/Qycm8N0gHbjkBZCtdxMoY3/right
105.373994870297,524757750608562_right,524757750608562_right,-7.30274904156683,112.75430560112,1,my_hood,data/mapillary_images_new/Qycm8N0gHbjkBZCtdxMoY3/right
288.575416114813,1106212057905577_right,1106212057905577_right,-7.30309490017491,112.748753428459,1,,data/mapillary_images_new/VW2hY8wcJ3e4PDUjQivLGd/right
289.324186532802,1131524745162728_right,1131524745162728_right,-7.30069516801341,112.751945257187,1,my_hood,data/mapillary_images_new/Qycm8N0gHbjkBZCtdxMoY3/right
296.752195505916,1380579682910741_right,1380579682910741_right,-7.30324388533903,112.74926841259,1,,data/mapillary_images_new/KEYQ7cuxoq089kXALyJD6R/right
281.091313543156,1716193885615085_right,1716193885615085_right,-7.30310554197401,112.754064202309,1,my_hood,data/mapillary_images_new/VhRsvgX03frqbokEC81T76/right
101.39997962663,554426544401146_right,554426544401146_right,-7.3014188136578,112.753302454948,1,my_hood,data/mapillary_images_new/Qycm8N0gHbjkBZCtdxMoY3/right
210.44652621053,1056246429610147_right,1056246429610147_right,-7.30053554014009,112.749520540237,1,my_hood,data/mapillary_images_new/VhRsvgX03frqbokEC81T76/right
102.071198671041,906084471650466_right,906084471650466_right,-7.30223823451782,112.752299308777,1,my_hood,data/mapillary_images_new/Qycm8N0gHbjkBZCtdxMoY3/right
92.5098852053582,1984936538670787_right,1984936538670787_right,-7.30248299630162,112.749955058098,1,my_hood,data/mapillary_images_new/VhRsvgX03frqbokEC81T76/right
282.824935698709,1096661268924975_right,1096661268924975_right,-7.30088672138618,112.752884030342,1,my_hood,data/mapillary_images_new/Qycm8N0gHbjkBZCtdxMoY3/right
263.608367034774,1120358222466974_right,1120358222466974_right,-7.3040633028541,112.752336859703,1,,data/mapillary_images_new/VW2hY8wcJ3e4PDUjQivLGd/right
110.709938871212,9493848983959171_right,9493848983959171_right,-7.30275436247052,112.751033306122,1,my_hood,data/mapillary_images_new/VhRsvgX03frqbokEC81T76/right
97.1826746720487,9145260278873533_right,9145260278873533_right,-7.30249363811528,112.750008702278,1,my_hood,data/mapillary_images_new/VhRsvgX03frqbokEC81T76/right
207.704819453778,789212006731563_right,789212006731563_right,-7.30131239525412,112.749204039574,1,my_hood,data/mapillary_images_new/VhRsvgX03frqbokEC81T76/right
108.575360132246,1632048834111161_right,1632048834111161_right,-7.30163165038918,112.750051617622,1,my_hood,data/mapillary_images_new/Qycm8N0gHbjkBZCtdxMoY3/right
286.269425801371,1510885336152169_right,1510885336152169_right,-7.30322260174719,112.74921476841,1,,data/mapillary_images_new/KEYQ7cuxoq089kXALyJD6R/right
291.28208990428,1110338210771483_right,1110338210771483_right,-7.3031321464706,112.748892903328,1,,data/mapillary_images_new/VW2hY8wcJ3e4PDUjQivLGd/right
213.475251734324,1375109780530883_right,1375109780530883_right,-7.29891265352747,112.750239372253,1,,data/mapillary_images_new/VhRsvgX03frqbokEC81T76/right
106.269395294184,1297734494755900_right,1297734494755900_right,-7.30232336906651,112.752605080605,1,my_hood,data/mapillary_images_new/Qycm8N0gHbjkBZCtdxMoY3/right
287.785346797441,506756118484133_right,506756118484133_right,-7.30119001405859,112.749997973442,1,my_hood,data/mapillary_images_new/Qycm8N0gHbjkBZCtdxMoY3/right
277.182699857993,568127202450918_right,568127202450918_right,-7.3041005490691,112.750834822655,1,,data/mapillary_images_new/VW2hY8wcJ3e4PDUjQivLGd/right
285.373960259389,1199430141737900_right,1199430141737900_right,-7.30170614322124,112.751913070679,1,my_hood,data/mapillary_images_new/Qycm8N0gHbjkBZCtdxMoY3/right
102.627988968793,579556834834916_right,579556834834916_right,-7.3025255635547,112.753366827965,1,my_hood,data/mapillary_images_new/Qycm8N0gHbjkBZCtdxMoY3/right
16.7980466338043,898015835819227_right,898015835819227_right,-7.30046636804396,112.751398086548,1,my_hood,data/mapillary_images_new/Qycm8N0gHbjkBZCtdxMoY3/right
103.498063803483,1817726072371695_right,1817726072371695_right,-7.30393028063234,112.752138376236,1,,data/mapillary_images_new/wmL9oX1AljUsix742F0cZf/right
94.9389133959549,596871756277694_right,596871756277694_right,-7.29849761928435,112.755346298218,1,,data/mapillary_images_new/t7ONjKynz6e5I4fvDqAYBW/right
284.648198546557,601512215792079_right,601512215792079_right,-7.30190833798854,112.752760648727,1,my_hood,data/mapillary_images_new/Qycm8N0gHbjkBZCtdxMoY3/right
111.408606344725,1529744267724965_right,1529744267724965_right,-7.302498959022,112.750035524368,1,my_hood,data/mapillary_images_new/VhRsvgX03frqbokEC81T76/right
279.235968813225,1716219545893785_right,1716219545893785_right,-7.30169018047256,112.751859426498,1,my_hood,data/mapillary_images_new/Qycm8N0gHbjkBZCtdxMoY3/right
99.5382867507143,612528311298388_right,612528311298388_right,-7.30264262347974,112.75063097477,1,my_hood,data/mapillary_images_new/VhRsvgX03frqbokEC81T76/right
96.220249963173,448384518338705_right,448384518338705_right,-7.3033981913495,112.750174999237,1,,data/mapillary_images_new/wmL9oX1AljUsix742F0cZf/right
295.083334154467,1291033065357013_right,1291033065357013_right,-7.2998278558822,112.750099897385,1,my_hood,data/mapillary_images_new/VhRsvgX03frqbokEC81T76/right
272.220588543073,562956303245048_right,562956303245048_right,-7.30187641250504,112.752567529678,1,my_hood,data/mapillary_images_new/Qycm8N0gHbjkBZCtdxMoY3/right
102.824973761151,1291547995502242_right,1291547995502242_right,-7.30224887633729,112.752326130867,1,my_hood,data/mapillary_images_new/Qycm8N0gHbjkBZCtdxMoY3/right
7.06787414853835,902857732009739_right,902857732009739_right,-7.29848165642116,112.75030374527,1,,data/mapillary_images_new/rLKfngGP2QWN4z7hej1FIu/right
258.600044210855,972043978153952_right,972043978153952_right,-7.30045572618207,112.75073826313,1,my_hood,data/mapillary_images_new/VhRsvgX03frqbokEC81T76/right
340.706014866948,1862244787917254_right,1862244787917254_right,-7.30411119084425,112.752395868301,1,,data/mapillary_images_new/VW2hY8wcJ3e4PDUjQivLGd/right
296.752129628667,625263273256169_right,625263273256169_right,-7.30196154712262,112.749681472778,1,my_hood,data/mapillary_images_new/VhRsvgX03frqbokEC81T76/right
18.2953790525351,412399021867259_right,412399021867259_right,-7.30347800478231,112.754369974136,1,my_hood,data/mapillary_images_new/VhRsvgX03frqbokEC81T76/right
287.581115658666,3922928178036147_right,3922928178036147_right,-7.30278628789132,112.752701640129,1,my_hood,data/mapillary_images_new/VhRsvgX03frqbokEC81T76/right
0,975569127826547_right,975569127826547_right,-7.29930108266255,112.751478552818,1,,data/mapillary_images_new/Qycm8N0gHbjkBZCtdxMoY3/right
99.2359562696062,1121084152374857_right,1121084152374857_right,-7.30105167005809,112.751575112343,1,my_hood,data/mapillary_images_new/Qycm8N0gHbjkBZCtdxMoY3/right
279.805571154756,954270063309734_right,954270063309734_right,-7.30176467329484,112.752133011818,1,my_hood,data/mapillary_images_new/Qycm8N0gHbjkBZCtdxMoY3/right
280.088099767532,563084186528835_right,563084186528835_right,-7.30045572618207,112.75071144104,1,my_hood,data/mapillary_images_new/VhRsvgX03frqbokEC81T76/right
94.324056221773,947185597388907_right,947185597388907_right,-7.29843376782817,112.754858136177,1,,data/mapillary_images_new/t7ONjKynz6e5I4fvDqAYBW/right
282.627924889061,937760654681009_right,937760654681009_right,-7.30018967955246,112.748721241951,1,,data/mapillary_images_new/2WwrcMRsN6phxTSEt0yeKb/right
15.8225902925491,2534780203385354_right,2534780203385354_right,-7.30164229222309,112.754879593849,1,my_hood,data/mapillary_images_new/Qycm8N0gHbjkBZCtdxMoY3/right
101.091269803799,1096881695476405_right,1096881695476405_right,-7.30127514880687,112.752631902695,1,my_hood,data/mapillary_images_new/Qycm8N0gHbjkBZCtdxMoY3/right
282.071205836213,1995003894310536_right,1995003894310536_right,-7.30253088446105,112.75177359581,1,my_hood,data/mapillary_images_new/VhRsvgX03frqbokEC81T76/right
0,9579144688770521_right,9579144688770521_right,-7.29952456228605,112.751478552818,1,,data/mapillary_images_new/Qycm8N0gHbjkBZCtdxMoY3/right
92.7485718907916,1160862872270844_right,1160862872270844_right,-7.30260005623781,112.750352025032,1,my_hood,data/mapillary_images_new/VhRsvgX03frqbokEC81T76/right
108.575397045845,1108877740885012_right,1108877740885012_right,-7.30258941442669,112.750325202942,1,my_hood,data/mapillary_images_new/VhRsvgX03frqbokEC81T76/right
102.627956135987,943179720775729_right,943179720775729_right,-7.30132303709564,112.752857208252,1,my_hood,data/mapillary_images_new/Qycm8N0gHbjkBZCtdxMoY3/right
98.685008980158,577756601721106_right,577756601721106_right,-7.30128046972808,112.752658724785,1,my_hood,data/mapillary_images_new/Qycm8N0gHbjkBZCtdxMoY3/right
290.475577803979,603756648692035_right,603756648692035_right,-7.30235529451809,112.751060128212,1,my_hood,data/mapillary_images_new/VhRsvgX03frqbokEC81T76/right
290.004765498584,611093778569199_right,611093778569199_right,-7.30294059405975,112.748238444328,1,,data/mapillary_images_new/KEYQ7cuxoq089kXALyJD6R/right
305.758764162408,1249252229489884_right,1249252229489884_right,-7.304057981966,112.750673890114,1,,data/mapillary_images_new/VW2hY8wcJ3e4PDUjQivLGd/right
277.491468014112,1286517132662747_right,1286517132662747_right,-7.30116340944645,112.754262685776,1,my_hood,data/mapillary_images_new/Qycm8N0gHbjkBZCtdxMoY3/right
281.400003246654,1646574839258009_right,1646574839258009_right,-7.30237657815121,112.751140594482,1,my_hood,data/mapillary_images_new/VhRsvgX03frqbokEC81T76/right
106.386032146963,511659847949382_right,511659847949382_right,-7.30153587387261,112.753881812096,1,my_hood,data/mapillary_images_new/Qycm8N0gHbjkBZCtdxMoY3/right
282.436848930791,580607194890612_right,580607194890612_right,-7.30203071898747,112.753200531006,1,my_hood,data/mapillary_images_new/Qycm8N0gHbjkBZCtdxMoY3/right
99.235953724836,1170139491499478_right,1170139491499478_right,-7.3009292887912,112.750926017761,1,my_hood,data/mapillary_images_new/VhRsvgX03frqbokEC81T76/right
295.742095977034,1351074092996403_right,1351074092996403_right,-7.30332901969622,112.749590277672,1,,data/mapillary_images_new/VW2hY8wcJ3e4PDUjQivLGd/right
282.436842678754,3932355586983598_right,3932355586983598_right,-7.30179659878632,112.752272486687,1,my_hood,data/mapillary_images_new/Qycm8N0gHbjkBZCtdxMoY3/right
281.782291544634,2990160067826428_right,2990160067826428_right,-7.30231272724882,112.754391431808,1,my_hood,data/mapillary_images_new/Qycm8N0gHbjkBZCtdxMoY3/right
183.783262263078,1184504169913386_right,1184504169913386_right,-7.29850826119284,112.75030374527,1,,data/mapillary_images_new/VhRsvgX03frqbokEC81T76/right
275.75697648115,1552997088705834_right,1552997088705834_right,-7.3023393317926,112.751006484032,1,my_hood,data/mapillary_images_new/VhRsvgX03frqbokEC81T76/right
286.386114670087,1264216034896487_right,1264216034896487_right,-7.30392495974266,112.750373482704,1,,data/mapillary_images_new/VW2hY8wcJ3e4PDUjQivLGd/right
80.4617469262824,614478214282825_right,614478214282825_right,-7.30104102821012,112.751204967499,1,my_hood,data/mapillary_images_new/Qycm8N0gHbjkBZCtdxMoY3/right
293.669649323472,1379070813476380_right,1379070813476380_right,-7.30214245813116,112.75030374527,1,my_hood,data/mapillary_images_new/VhRsvgX03frqbokEC81T76/right
105.37396262945,1013221840802531_right,1013221840802531_right,-7.30176467329484,112.750534415245,1,my_hood,data/mapillary_images_new/Qycm8N0gHbjkBZCtdxMoY3/right
111.31885764214,1779541189476161_right,1779541189476161_right,-7.30327581072487,112.753007411957,1,my_hood,data/mapillary_images_new/VhRsvgX03frqbokEC81T76/right
287.373879302823,1131308244524178_right,1131308244524178_right,-7.29930108266255,112.748742699623,1,,data/mapillary_images_new/rLKfngGP2QWN4z7hej1FIu/right
108.575431537062,459365863883792_right,459365863883792_right,-7.30347800478231,112.750448584557,1,,data/mapillary_images_new/wmL9oX1AljUsix742F0cZf/right
109.895727630487,1108133967525033_right,1108133967525033_right,-7.30343543761992,112.750314474106,1,,data/mapillary_images_new/wmL9oX1AljUsix742F0cZf/right
282.824965909983,8782564838459575_right,8782564838459575_right,-7.3019775098616,112.752980589867,1,my_hood,data/mapillary_images_new/Qycm8N0gHbjkBZCtdxMoY3/right
93.8451354895358,958929762361415_right,958929762361415_right,-7.29833266967056,112.754209041595,1,,data/mapillary_images_new/t7ONjKynz6e5I4fvDqAYBW/right
98.5994694324462,1143280050589115_right,1143280050589115_right,-7.30158376213345,112.754128575325,1,my_hood,data/mapillary_images_new/Qycm8N0gHbjkBZCtdxMoY3/right
109.324142589988,1450681039652613_right,1450681039652613_right,-7.29958841358655,112.748259902,1,,data/mapillary_images_new/2WwrcMRsN6phxTSEt0yeKb/right
18.2954929490119,893637136263650_right,893637136263650_right,-7.3004929726976,112.751387357712,1,my_hood,data/mapillary_images_new/Qycm8N0gHbjkBZCtdxMoY3/right
284.533697589099,1311788313500234_right,1311788313500234_right,-7.30168485955619,112.75182723999,1,my_hood,data/mapillary_images_new/Qycm8N0gHbjkBZCtdxMoY3/right
0,914080734173381_right,914080734173381_right,-7.29836991636286,112.750314474106,1,,data/mapillary_images_new/rLKfngGP2QWN4z7hej1FIu/right
102.905513744134,1234237517644737_right,1234237517644737_right,-7.30370148231835,112.751328349113,1,,data/mapillary_images_new/wmL9oX1AljUsix742F0cZf/right
188.809800151318,1454377452186023_right,1454377452186023_right,-7.30050361455859,112.750625610352,1,my_hood,data/mapillary_images_new/VhRsvgX03frqbokEC81T76/right
277.411826859535,1624112918524580_right,1624112918524580_right,-7.30188705433312,112.752680182457,1,my_hood,data/mapillary_images_new/Qycm8N0gHbjkBZCtdxMoY3/right
115.644948495581,487058537321523_right,487058537321523_right,-7.30266390709919,112.75071144104,1,my_hood,data/mapillary_images_new/VhRsvgX03frqbokEC81T76/right
103.734240977413,584485627559353_right,584485627559353_right,-7.30303104937511,112.75207400322,1,my_hood,data/mapillary_images_new/VhRsvgX03frqbokEC81T76/right
282.071202912819,1126501185551607_right,1126501185551607_right,-7.30241914541442,112.751306891441,1,my_hood,data/mapillary_images_new/VhRsvgX03frqbokEC81T76/right
103.009425083909,1164157688463014_right,1164157688463014_right,-7.30404201930129,112.752615809441,1,,data/mapillary_images_new/wmL9oX1AljUsix742F0cZf/right
104.146483435961,2352486121762086_right,2352486121762086_right,-7.30414311616816,112.752980589867,1,,data/mapillary_images_new/wmL9oX1AljUsix742F0cZf/right
107.955264850904,541298248950239_right,541298248950239_right,-7.30205200263603,112.751585841179,1,my_hood,data/mapillary_images_new/Qycm8N0gHbjkBZCtdxMoY3/right
296.752146323795,999938865501417_right,999938865501417_right,-7.30228612270345,112.750818729401,1,my_hood,data/mapillary_images_new/VhRsvgX03frqbokEC81T76/right
94.1189145925833,2016233822193183_right,2016233822193183_right,-7.30274904156683,112.751006484032,1,my_hood,data/mapillary_images_new/VhRsvgX03frqbokEC81T76/right
32.6928670066009,1105737170779337_right,1105737170779337_right,-7.30087075860824,112.750019431114,1,my_hood,data/mapillary_images_new/Qycm8N0gHbjkBZCtdxMoY3/right
108.065066413331,1747631519491324_right,1747631519491324_right,-7.30334498238639,112.750008702278,1,,data/mapillary_images_new/wmL9oX1AljUsix742F0cZf/right
289.586911523945,9038678436246212_right,9038678436246212_right,-7.30158908305101,112.751467823982,1,my_hood,data/mapillary_images_new/Qycm8N0gHbjkBZCtdxMoY3/right
287.121641266239,1615883629066143_right,1615883629066143_right,-7.30172210596935,112.751966714859,1,my_hood,data/mapillary_images_new/Qycm8N0gHbjkBZCtdxMoY3/right
102.190672520665,1808572979961902_right,1808572979961902_right,-7.30090268416353,112.750813364983,1,my_hood,data/mapillary_images_new/VhRsvgX03frqbokEC81T76/right
289.169856358605,909488541166511_right,909488541166511_right,-7.30206264445995,112.75000333786,1,my_hood,data/mapillary_images_new/VhRsvgX03frqbokEC81T76/right
286.314596338972,3001079413381217_right,3001079413381217_right,-7.30303637027544,112.753758430481,1,my_hood,data/mapillary_images_new/VhRsvgX03frqbokEC81T76/right
281.399956307896,1788201698785824_right,1788201698785824_right,-7.30048765176699,112.750872373581,1,my_hood,data/mapillary_images_new/VhRsvgX03frqbokEC81T76/right
106.828122565994,927944746185725_right,927944746185725_right,-7.30282353421272,112.751306891441,1,my_hood,data/mapillary_images_new/VhRsvgX03frqbokEC81T76/right
190.799372466892,910375021303506_right,910375021303506_right,-7.3001950004866,112.750689983368,1,my_hood,data/mapillary_images_new/VhRsvgX03frqbokEC81T76/right
13.2877693330856,945724890829217_right,945724890829217_right,-7.3013975299791,112.754938602448,1,my_hood,data/mapillary_images_new/Qycm8N0gHbjkBZCtdxMoY3/right
106.385935545036,976822840952878_right,976822840952878_right,-7.29875302501799,112.748495936394,1,,data/mapillary_images_new/rLKfngGP2QWN4z7hej1FIu/right
99.9448822817953,1268632207736731_right,1268632207736731_right,-7.30261601895401,112.750437855721,1,my_hood,data/mapillary_images_new/VhRsvgX03frqbokEC81T76/right
283.237624644767,1131528571670937_right,1131528571670937_right,-7.30133899985742,112.750539779663,1,my_hood,data/mapillary_images_new/Qycm8N0gHbjkBZCtdxMoY3/right
281.726134357838,1113257153800339_right,1113257153800339_right,-7.30215842086371,112.753753066063,1,my_hood,data/mapillary_images_new/Qycm8N0gHbjkBZCtdxMoY3/right
280.387297774836,1554792925232696_right,1554792925232696_right,-7.30300444487247,112.753618955612,1,my_hood,data/mapillary_images_new/VhRsvgX03frqbokEC81T76/right
285.373919665781,1764703877626102_right,1764703877626102_right,-7.30046636804396,112.75079190731,1,my_hood,data/mapillary_images_new/VhRsvgX03frqbokEC81T76/right
289.324128673245,1236782257400371_right,1236782257400371_right,-7.29924787321193,112.748581767082,1,,data/mapillary_images_new/rLKfngGP2QWN4z7hej1FIu/right
11.2205721287557,569018602704728_right,569018602704728_right,-7.3009080050892,112.751258611679,1,my_hood,data/mapillary_images_new/VhRsvgX03frqbokEC81T76/right
317.72199976718,1346695949830479_right,1346695949830479_right,-7.30404201930129,112.752363681793,1,,data/mapillary_images_new/VW2hY8wcJ3e4PDUjQivLGd/right
285.542095134522,617118914223705_right,617118914223705_right,-7.29927979888306,112.748689055443,1,,data/mapillary_images_new/rLKfngGP2QWN4z7hej1FIu/right
283.778872353375,1312092783127665_right,1312092783127665_right,-7.302961877665,112.753452658653,1,my_hood,data/mapillary_images_new/VhRsvgX03frqbokEC81T76/right
98.1956733337522,1332920044366458_right,1332920044366458_right,-7.30178595695608,112.750620245934,1,my_hood,data/mapillary_images_new/Qycm8N0gHbjkBZCtdxMoY3/right
264.763310539003,896171009343499_right,896171009343499_right,-7.30409522818144,112.750094532967,1,,data/mapillary_images_new/wmL9oX1AljUsix742F0cZf/right
284.146417031143,930502579179906_right,930502579179906_right,-7.30197218894867,112.752953767776,1,my_hood,data/mapillary_images_new/Qycm8N0gHbjkBZCtdxMoY3/right
77.3720330551929,1955513341933789_right,1955513341933789_right,-7.30172742688525,112.754820585251,1,my_hood,data/mapillary_images_new/Qycm8N0gHbjkBZCtdxMoY3/right
34.9979854003362,1783276229155386_right,1783276229155386_right,-7.30360038535159,112.754310965538,1,my_hood,data/mapillary_images_new/VhRsvgX03frqbokEC81T76/right
104.146342378001,608003455036998_right,608003455036998_right,-7.29950327851719,112.750491499901,1,my_hood,data/mapillary_images_new/VhRsvgX03frqbokEC81T76/right
194.951839623577,595575876453438_right,595575876453438_right,-7.30001940962644,112.748849987984,1,,data/mapillary_images_new/2WwrcMRsN6phxTSEt0yeKb/right
283.778869753517,1300190084438969_right,1300190084438969_right,-7.3028767432379,112.753093242645,1,my_hood,data/mapillary_images_new/VhRsvgX03frqbokEC81T76/right
105.542184149457,1318626522745970_right,1318626522745970_right,-7.30196154712262,112.751231789589,1,my_hood,data/mapillary_images_new/Qycm8N0gHbjkBZCtdxMoY3/right
286.988370356257,3224941204324055_right,3224941204324055_right,-7.30313746736972,112.754198312759,1,my_hood,data/mapillary_images_new/VhRsvgX03frqbokEC81T76/right
35.8057395658062,3909498882653335_right,3909498882653335_right,-7.30169550138883,112.749617099762,1,my_hood,data/mapillary_images_new/Qycm8N0gHbjkBZCtdxMoY3/right
113.36802793148,1658823165054020_right,1658823165054020_right,-7.30274904156683,112.750979661942,1,my_hood,data/mapillary_images_new/VhRsvgX03frqbokEC81T76/right
289.435873317095,611574024581244_right,611574024581244_right,-7.29920530564686,112.748447656631,1,,data/mapillary_images_new/rLKfngGP2QWN4z7hej1FIu/right
90.0000001597581,615980644286767_right,615980644286767_right,-7.30086543768213,112.750679254532,1,my_hood,data/mapillary_images_new/VhRsvgX03frqbokEC81T76/right
107.234230029791,1703543253894825_right,1703543253894825_right,-7.29970015334047,112.748608589172,1,,data/mapillary_images_new/2WwrcMRsN6phxTSEt0yeKb/right
90.0000002226943,578847624790338_right,578847624790338_right,-7.30304701207591,112.75215446949,1,my_hood,data/mapillary_images_new/VhRsvgX03frqbokEC81T76/right
108.575405075892,1741060866736393_right,1741060866736393_right,-7.30279692969775,112.754493355751,1,my_hood,data/mapillary_images_new/Qycm8N0gHbjkBZCtdxMoY3/right
103.097195321228,502557795610099_right,502557795610099_right,-7.30125386512131,112.752519249916,1,my_hood,data/mapillary_images_new/Qycm8N0gHbjkBZCtdxMoY3/right
279.538246497607,1918752805598938_right,1918752805598938_right,-7.30073773543666,112.752192020416,1,my_hood,data/mapillary_images_new/Qycm8N0gHbjkBZCtdxMoY3/right
282.190669957602,970558421588104_right,970558421588104_right,-7.30082287027103,112.752551436424,1,my_hood,data/mapillary_images_new/Qycm8N0gHbjkBZCtdxMoY3/right
339.118419076679,588498500892089_right,588498500892089_right,-7.30386642995185,112.749697566032,1,,data/mapillary_images_new/VW2hY8wcJ3e4PDUjQivLGd/right
284.53371202546,523564860714668_right,523564860714668_right,-7.30214777904207,112.753699421883,1,my_hood,data/mapillary_images_new/Qycm8N0gHbjkBZCtdxMoY3/right
105.373964813761,563426866594441_right,563426866594441_right,-7.30182852427552,112.750808000565,1,my_hood,data/mapillary_images_new/Qycm8N0gHbjkBZCtdxMoY3/right
102.36196800343,959519822212058_right,959519822212058_right,-7.30143477641617,112.753382921219,1,my_hood,data/mapillary_images_new/Qycm8N0gHbjkBZCtdxMoY3/right
106.828009649024,1533366378065661_right,1533366378065661_right,-7.29964162299666,112.748420834541,1,,data/mapillary_images_new/2WwrcMRsN6phxTSEt0yeKb/right
282.627946827097,520530087810008_right,520530087810008_right,-7.30099846081573,112.753377556801,1,my_hood,data/mapillary_images_new/Qycm8N0gHbjkBZCtdxMoY3/right
284.49408613742,1376804233285346_right,1376804233285346_right,-7.30325452713456,112.749343514442,1,,data/mapillary_images_new/VW2hY8wcJ3e4PDUjQivLGd/right
106.269442531293,1300574624419519_right,1300574624419519_right,-7.30369616142592,112.751306891441,1,,data/mapillary_images_new/wmL9oX1AljUsix742F0cZf/right
198.295465386912,1269567567638173_right,1269567567638173_right,-7.30121129774717,112.749252319336,1,my_hood,data/mapillary_images_new/VhRsvgX03frqbokEC81T76/right
112.272637525641,1564340020725596_right,1564340020725596_right,-7.30252024264827,112.753340005875,1,my_hood,data/mapillary_images_new/Qycm8N0gHbjkBZCtdxMoY3/right
286.069067085866,1130710531946529_right,1130710531946529_right,-7.30204668172398,112.74994969368,1,my_hood,data/mapillary_images_new/VhRsvgX03frqbokEC81T76/right
286.440107346192,622572720459087_right,622572720459087_right,-7.30323324354323,112.749263048172,1,,data/mapillary_images_new/VW2hY8wcJ3e4PDUjQivLGd/right
196.972041798616,1113969893167898_right,1113969893167898_right,-7.30161036672061,112.749107480049,1,my_hood,data/mapillary_images_new/VhRsvgX03frqbokEC81T76/right
287.487375356594,1311654613172528_right,1311654613172528_right,-7.30407926551806,112.750722169876,1,,data/mapillary_images_new/VW2hY8wcJ3e4PDUjQivLGd/right
180,1296942198013141_right,1296942198013141_right,-7.29836991636286,112.750319838524,1,,data/mapillary_images_new/VhRsvgX03frqbokEC81T76/right
275.756995540951,1681508079198505_right,1681508079198505_right,-7.30382386282645,112.74992287159,1,,data/mapillary_images_new/VW2hY8wcJ3e4PDUjQivLGd/right
14.421469150874,1138915407801485_right,1138915407801485_right,-7.30348332567732,112.749713659286,1,,data/mapillary_images_new/wmL9oX1AljUsix742F0cZf/right
285.185981608748,1721458788421314_right,1721458788421314_right,-7.30067920522865,112.751891613007,1,my_hood,data/mapillary_images_new/Qycm8N0gHbjkBZCtdxMoY3/right
114.136182143471,8873872956024193_right,8873872956024193_right,-7.30332369879937,112.749928236008,1,,data/mapillary_images_new/wmL9oX1AljUsix742F0cZf/right
116.752149142909,500510323050922_right,500510323050922_right,-7.30233401088395,112.749407887459,1,my_hood,data/mapillary_images_new/VhRsvgX03frqbokEC81T76/right
282.905496617544,584165487903533_right,584165487903533_right,-7.30311086287344,112.748807072639,1,,data/mapillary_images_new/VW2hY8wcJ3e4PDUjQivLGd/right
283.237642432821,8959056410809986_right,8959056410809986_right,-7.30196154712262,112.752926945686,1,my_hood,data/mapillary_images_new/Qycm8N0gHbjkBZCtdxMoY3/right
98.1956578137037,1135375211598761_right,1135375211598761_right,-7.30091864694033,112.750899195671,1,my_hood,data/mapillary_images_new/VhRsvgX03frqbokEC81T76/right
104.942352204163,2305559283143098_right,2305559283143098_right,-7.30350460925675,112.753822803497,1,my_hood,data/mapillary_images_new/VhRsvgX03frqbokEC81T76/right
15.137110418196,1628684584752618_right,1628684584752618_right,-7.30161568763785,112.754884958267,1,my_hood,data/mapillary_images_new/Qycm8N0gHbjkBZCtdxMoY3/right
104.14641456296,1134495838384062_right,1134495838384062_right,-7.30187641250504,112.750936746597,1,my_hood,data/mapillary_images_new/Qycm8N0gHbjkBZCtdxMoY3/right
286.069096992315,2409400552728132_right,2409400552728132_right,-7.30292463135513,112.748265266418,1,,data/mapillary_images_new/VW2hY8wcJ3e4PDUjQivLGd/right
0,1106908437285568_right,1106908437285568_right,-7.3000832608563,112.751478552818,1,my_hood,data/mapillary_images_new/Qycm8N0gHbjkBZCtdxMoY3/right
281.399997364103,1123271139203529_right,1123271139203529_right,-7.30214245813116,112.753667235374,1,my_hood,data/mapillary_images_new/Qycm8N0gHbjkBZCtdxMoY3/right
115.527165399961,1675156626364923_right,1675156626364923_right,-7.30242978722958,112.749761939049,1,my_hood,data/mapillary_images_new/VhRsvgX03frqbokEC81T76/right
290.70984725403,1331014021596075_right,1331014021596075_right,-7.30060471222552,112.751280069351,1,my_hood,data/mapillary_images_new/VhRsvgX03frqbokEC81T76/right
281.782253373573,1967973360376521_right,1967973360376521_right,-7.30082819119764,112.752578258514,1,my_hood,data/mapillary_images_new/Qycm8N0gHbjkBZCtdxMoY3/right
106.988360123116,1057070299553445_right,1057070299553445_right,-7.30284481782354,112.75139272213,1,my_hood,data/mapillary_images_new/VhRsvgX03frqbokEC81T76/right
280.972350652098,486961647332378_right,486961647332378_right,-7.30083351212419,112.752605080605,1,my_hood,data/mapillary_images_new/Qycm8N0gHbjkBZCtdxMoY3/right
279.53827579272,1984524432045211_right,1984524432045211_right,-7.30213181630916,112.750282287598,1,my_hood,data/mapillary_images_new/VhRsvgX03frqbokEC81T76/right
2.83925293439216,895504769085164_right,895504769085164_right,-7.29831670680147,112.750319838524,1,,data/mapillary_images_new/rLKfngGP2QWN4z7hej1FIu/right
269.999999809944,906495211469947_right,906495211469947_right,-7.29891265352747,112.751215696335,1,,data/mapillary_images_new/Qycm8N0gHbjkBZCtdxMoY3/right
289.068226476542,1131452061673982_right,1131452061673982_right,-7.30157312029816,112.751414179802,1,my_hood,data/mapillary_images_new/Qycm8N0gHbjkBZCtdxMoY3/right
184.052611951699,568937722581257_right,568937722581257_right,-7.29992363276457,112.750743627548,1,my_hood,data/mapillary_images_new/VhRsvgX03frqbokEC81T76/right
103.23763318657,589847620420290_right,589847620420290_right,-7.30162632947214,112.754321694374,1,my_hood,data/mapillary_images_new/Qycm8N0gHbjkBZCtdxMoY3/right
102.361915536693,2815566098620684_right,2815566098620684_right,-7.29948199474732,112.750378847122,1,my_hood,data/mapillary_images_new/VhRsvgX03frqbokEC81T76/right
105.873507074805,931101518736989_right,931101518736989_right,-7.30235529451809,112.752712368965,1,my_hood,data/mapillary_images_new/Qycm8N0gHbjkBZCtdxMoY3/right
205.45953201918,958599742891481_right,958599742891481_right,-7.30046104711305,112.749558091164,1,my_hood,data/mapillary_images_new/VhRsvgX03frqbokEC81T76/right
104.14643208556,1628513174707855_right,1628513174707855_right,-7.3024563917664,112.753093242645,1,my_hood,data/mapillary_images_new/Qycm8N0gHbjkBZCtdxMoY3/right
103.344891565121,1357583075613986_right,1357583075613986_right,-7.30099846081573,112.751328349113,1,my_hood,data/mapillary_images_new/Qycm8N0gHbjkBZCtdxMoY3/right
18.2954424535497,1972804929868464_right,1972804929868464_right,-7.30182320336081,112.74956882,1,my_hood,data/mapillary_images_new/Qycm8N0gHbjkBZCtdxMoY3/right
104.146466035563,1136602537975403_right,1136602537975403_right,-7.30356845998892,112.754069566727,1,my_hood,data/mapillary_images_new/VhRsvgX03frqbokEC81T76/right
103.344827759161,1174573417626544_right,1174573417626544_right,-7.29877962977352,112.748635411263,1,,data/mapillary_images_new/rLKfngGP2QWN4z7hej1FIu/right
105.830709502275,1020528093431618_right,1020528093431618_right,-7.30337690776503,112.753388285637,1,my_hood,data/mapillary_images_new/VhRsvgX03frqbokEC81T76/right
106.516296158378,1544074426287796_right,1544074426287796_right,-7.30267986981309,112.753999829292,1,my_hood,data/mapillary_images_new/Qycm8N0gHbjkBZCtdxMoY3/right
104.146464213468,9008840575864597_right,9008840575864597_right,-7.30350993015145,112.753849625587,1,my_hood,data/mapillary_images_new/VhRsvgX03frqbokEC81T76/right
284.146454174436,1116409016622054_right,1116409016622054_right,-7.30319599725598,112.749123573303,1,,data/mapillary_images_new/VW2hY8wcJ3e4PDUjQivLGd/right
346.073117220772,1768892913934259_right,1768892913934259_right,-7.30115276760112,112.7498960495,1,my_hood,data/mapillary_images_new/Qycm8N0gHbjkBZCtdxMoY3/right
104.533682434821,1338922950880444_right,1338922950880444_right,-7.30118469313629,112.75218129158,1,my_hood,data/mapillary_images_new/Qycm8N0gHbjkBZCtdxMoY3/right
172.932148859081,2345860072419031_right,2345860072419031_right,-7.30000876775391,112.750743627548,1,my_hood,data/mapillary_images_new/VhRsvgX03frqbokEC81T76/right
285.186007027908,1544662052915928_right,1544662052915928_right,-7.30146138101219,112.751006484032,1,my_hood,data/mapillary_images_new/Qycm8N0gHbjkBZCtdxMoY3/right
13.9268765272964,579537968276815_right,579537968276815_right,-7.30137092537929,112.754943966866,1,my_hood,data/mapillary_images_new/Qycm8N0gHbjkBZCtdxMoY3/right
116.752007007924,1172644894284834_right,1172644894284834_right,-7.29957245076227,112.750700712204,1,my_hood,data/mapillary_images_new/VhRsvgX03frqbokEC81T76/right
275.954075383107,2594216024103295_right,2594216024103295_right,-7.30121129774717,112.754487991333,1,my_hood,data/mapillary_images_new/Qycm8N0gHbjkBZCtdxMoY3/right
296.752199860356,513044917796458_right,513044917796458_right,-7.30331837790246,112.749445438385,1,,data/mapillary_images_new/KEYQ7cuxoq089kXALyJD6R/right
216.646339207472,501716569599851_right,501716569599851_right,-7.29980657212778,112.749885320663,1,my_hood,data/mapillary_images_new/VhRsvgX03frqbokEC81T76/right
280.387297975379,486770824027280_right,486770824027280_right,-7.30300976577313,112.753645777702,1,my_hood,data/mapillary_images_new/VhRsvgX03frqbokEC81T76/right
103.601981588881,909596214690981_right,909596214690981_right,-7.30154119479072,112.753908634186,1,my_hood,data/mapillary_images_new/Qycm8N0gHbjkBZCtdxMoY3/right
288.575390655487,3846216618960316_right,3846216618960316_right,-7.30242978722958,112.751360535622,1,my_hood,data/mapillary_images_new/VhRsvgX03frqbokEC81T76/right
35.5330524616189,1791426098280036_right,1791426098280036_right,-7.30012050740282,112.750716805458,1,my_hood,data/mapillary_images_new/VhRsvgX03frqbokEC81T76/right
20.4030517098453,1538332466870202_right,1538332466870202_right,-7.30375469123904,112.749617099762,1,,data/mapillary_images_new/wmL9oX1AljUsix742F0cZf/right
269.999999908139,1587613191860571_right,1587613191860571_right,-7.30328645251964,112.749563455582,1,,data/mapillary_images_new/wmL9oX1AljUsix742F0cZf/right
285.830620896986,960544362665533_right,960544362665533_right,-7.30075369821935,112.752272486687,1,my_hood,data/mapillary_images_new/Qycm8N0gHbjkBZCtdxMoY3/right
286.516256488781,344141898793693_right,344141898793693_right,-7.30155715754472,112.751360535622,1,my_hood,data/mapillary_images_new/Qycm8N0gHbjkBZCtdxMoY3/right
108.575331283249,900789505197895_right,900789505197895_right,-7.30088672138618,112.750609517097,1,my_hood,data/mapillary_images_new/Qycm8N0gHbjkBZCtdxMoY3/right
267.861591565018,621070626939082_right,621070626939082_right,-7.29890733257805,112.750856280327,1,,data/mapillary_images_new/rLKfngGP2QWN4z7hej1FIu/right
104.858762758747,1656926935201745_right,1656926935201745_right,-7.30088140046026,112.750582695007,1,my_hood,data/mapillary_images_new/Qycm8N0gHbjkBZCtdxMoY3/right
162.778274267641,503969888800367_right,503969888800367_right,-7.2996150182924,112.750732898712,1,my_hood,data/mapillary_images_new/VhRsvgX03frqbokEC81T76/right
207.361946032943,1638868513674930_right,1638868513674930_right,-7.30147202285015,112.749150395393,1,my_hood,data/mapillary_images_new/VhRsvgX03frqbokEC81T76/right
100.088117239412,633942865638017_right,633942865638017_right,-7.30123258143475,112.752406597137,1,my_hood,data/mapillary_images_new/Qycm8N0gHbjkBZCtdxMoY3/right
285.542186803142,2010544096017715_right,2010544096017715_right,-7.30205200263603,112.74997651577,1,my_hood,data/mapillary_images_new/VhRsvgX03frqbokEC81T76/right
287.487277486789,1696314064644914_right,1696314064644914_right,-7.3014188136578,112.750845551491,1,my_hood,data/mapillary_images_new/Qycm8N0gHbjkBZCtdxMoY3/right
281.041464500221,1222831712147255_right,1222831712147255_right,-7.30327581072487,112.749343514442,1,,data/mapillary_images_new/KEYQ7cuxoq089kXALyJD6R/right
100.387287061006,924787126464658_right,924787126464658_right,-7.30250960083526,112.750062346458,1,my_hood,data/mapillary_images_new/VhRsvgX03frqbokEC81T76/right
96.3915532831772,992283412945201_right,992283412945201_right,-7.2984178049627,112.75471329689,1,,data/mapillary_images_new/t7ONjKynz6e5I4fvDqAYBW/right
281.041433599121,2114984072249930_right,2114984072249930_right,-7.30199347260003,112.753039598465,1,my_hood,data/mapillary_images_new/Qycm8N0gHbjkBZCtdxMoY3/right
205.587198701374,9421363971209782_right,9421363971209782_right,-7.30051425641933,112.749531269073,1,my_hood,data/mapillary_images_new/VhRsvgX03frqbokEC81T76/right
107.234201714341,606109565262903_right,606109565262903_right,-7.29892329542606,112.749086022377,1,,data/mapillary_images_new/rLKfngGP2QWN4z7hej1FIu/right
107.487327034325,483447411045597_right,483447411045597_right,-7.30275436247052,112.75433242321,1,my_hood,data/mapillary_images_new/Qycm8N0gHbjkBZCtdxMoY3/right
280.704488151461,987111743275878_right,987111743275878_right,-7.30208924901859,112.753447294235,1,my_hood,data/mapillary_images_new/Qycm8N0gHbjkBZCtdxMoY3/right
3.15408521295825,572871292190851_right,572871292190851_right,-7.30323856444116,112.754439711571,1,my_hood,data/mapillary_images_new/VhRsvgX03frqbokEC81T76/right
105.830709117383,626494463240810_right,626494463240810_right,-7.3033662659724,112.753334641457,1,my_hood,data/mapillary_images_new/VhRsvgX03frqbokEC81T76/right
2.58147359382536,9395144137170390_right,9395144137170390_right,-7.30381322104448,112.749692201614,1,,data/mapillary_images_new/VW2hY8wcJ3e4PDUjQivLGd/right
200.403197238393,619074693979380_right,619074693979380_right,-7.30025885169138,112.749660015106,1,my_hood,data/mapillary_images_new/VhRsvgX03frqbokEC81T76/right
288.575424563847,577035911605537_right,577035911605537_right,-7.30330773610844,112.749670743942,1,,data/mapillary_images_new/wmL9oX1AljUsix742F0cZf/right
111.962752061091,1148126790315254_right,1148126790315254_right,-7.30164229222309,112.750078439713,1,my_hood,data/mapillary_images_new/Qycm8N0gHbjkBZCtdxMoY3/right
357.530601576558,1568895037084387_right,1568895037084387_right,-7.3000566561783,112.751478552818,1,my_hood,data/mapillary_images_new/Qycm8N0gHbjkBZCtdxMoY3/right
105.644766940048,1129807842480771_right,1129807842480771_right,-7.29954584605389,112.750625610352,1,my_hood,data/mapillary_images_new/VhRsvgX03frqbokEC81T76/right
284.583544862446,617013024100851_right,617013024100851_right,-7.30080158656396,112.752465605736,1,my_hood,data/mapillary_images_new/Qycm8N0gHbjkBZCtdxMoY3/right
286.63188277018,1663432781220786_right,1663432781220786_right,-7.302083928107,112.750083804131,1,my_hood,data/mapillary_images_new/VhRsvgX03frqbokEC81T76/right
116.752119606679,1876313962901023_right,1876313962901023_right,-7.30175935237939,112.750507593155,1,my_hood,data/mapillary_images_new/Qycm8N0gHbjkBZCtdxMoY3/right
104.146338597299,1282141009501440_right,1282141009501440_right,-7.29937557588279,112.750223278999,1,my_hood,data/mapillary_images_new/VhRsvgX03frqbokEC81T76/right
105.830685779443,2054552334972136_right,2054552334972136_right,-7.30267454890853,112.753973007202,1,my_hood,data/mapillary_images_new/Qycm8N0gHbjkBZCtdxMoY3/right
105.542227131866,1361022488599906_right,1361022488599906_right,-7.30325984803224,112.752953767776,1,my_hood,data/mapillary_images_new/VhRsvgX03frqbokEC81T76/right
288.575333588576,1298087501213820_right,1298087501213820_right,-7.3009558934173,112.753184437752,1,my_hood,data/mapillary_images_new/Qycm8N0gHbjkBZCtdxMoY3/right
191.675525818076,1259115192013407_right,1259115192013407_right,-7.30014179114231,112.750706076622,1,my_hood,data/mapillary_images_new/VhRsvgX03frqbokEC81T76/right
9.38692720187413,1253263885891484_right,1253263885891484_right,-7.30329177341694,112.754434347153,1,my_hood,data/mapillary_images_new/VhRsvgX03frqbokEC81T76/right
97.0091893690414,1271586040804646_right,1271586040804646_right,-7.29848165642116,112.755206823349,1,,data/mapillary_images_new/t7ONjKynz6e5I4fvDqAYBW/right
202.454824707921,1133047401828771_right,1133047401828771_right,-7.29916273807777,112.749193310738,1,,data/mapillary_images_new/rLKfngGP2QWN4z7hej1FIu/right
289.11430889062,637062725419724_right,637062725419724_right,-7.30219566723738,112.753887176514,1,my_hood,data/mapillary_images_new/Qycm8N0gHbjkBZCtdxMoY3/right
277.656041592634,1291072525367055_right,1291072525367055_right,-7.30411651173172,112.750920653343,1,,data/mapillary_images_new/VW2hY8wcJ3e4PDUjQivLGd/right
112.329886504612,2124001051348983_right,2124001051348983_right,-7.30295655676379,112.7518004179,1,my_hood,data/mapillary_images_new/VhRsvgX03frqbokEC81T76/right
108.575362925559,824587746412269_right,824587746412269_right,-7.30170614322124,112.7546864748,1,my_hood,data/mapillary_images_new/Qycm8N0gHbjkBZCtdxMoY3/right
9.7874208731044,913460353889776_right,913460353889776_right,-7.29864660598004,112.750298380852,1,,data/mapillary_images_new/rLKfngGP2QWN4z7hej1FIu/right
283.67721175318,3899163120297499_right,3899163120297499_right,-7.3010782746769,112.753790616989,1,my_hood,data/mapillary_images_new/Qycm8N0gHbjkBZCtdxMoY3/right
106.069133014681,632639612757717_right,632639612757717_right,-7.30396752685844,112.752304673195,1,,data/mapillary_images_new/wmL9oX1AljUsix742F0cZf/right
104.14640627453,2947381445436914_right,2947381445436914_right,-7.3016050458033,112.754214406013,1,my_hood,data/mapillary_images_new/Qycm8N0gHbjkBZCtdxMoY3/right
21.0933146655603,3916013255299206_right,3916013255299206_right,-7.30334498238639,112.754418253899,1,my_hood,data/mapillary_images_new/VhRsvgX03frqbokEC81T76/right
12.7038374442672,644168994603882_right,644168994603882_right,-7.30088140046026,112.751263976097,1,my_hood,data/mapillary_images_new/VhRsvgX03frqbokEC81T76/right
112.329916277681,620652133967668_right,620652133967668_right,-7.30361634803207,112.750974297523,1,,data/mapillary_images_new/wmL9oX1AljUsix742F0cZf/right
103.097266255476,1272602580612878_right,1272602580612878_right,-7.3037653330224,112.751553654671,1,,data/mapillary_images_new/wmL9oX1AljUsix742F0cZf/right
13.9268071436629,618273517214652_right,618273517214652_right,-7.30367487785563,112.749429345131,1,,data/mapillary_images_new/KEYQ7cuxoq089kXALyJD6R/right
267.594560628738,619591950529815_right,619591950529815_right,-7.30382386282645,112.749869227409,1,,data/mapillary_images_new/VW2hY8wcJ3e4PDUjQivLGd/right
303.905829812097,573360265563140_right,573360265563140_right,-7.30349928836199,112.749660015106,1,,data/mapillary_images_new/VW2hY8wcJ3e4PDUjQivLGd/right
284.146380813076,1102783771560141_right,1102783771560141_right,-7.30078030285587,112.752385139465,1,my_hood,data/mapillary_images_new/Qycm8N0gHbjkBZCtdxMoY3/right
25.2826068730996,1335594970932848_right,1335594970932848_right,-7.30396752685844,112.749558091164,1,,data/mapillary_images_new/wmL9oX1AljUsix742F0cZf/right
11.2205014203564,1332447334607156_right,1332447334607156_right,-7.3037866165884,112.749697566032,1,,data/mapillary_images_new/VW2hY8wcJ3e4PDUjQivLGd/right
156.210296887222,953019746751286_right,953019746751286_right,-7.30413779528099,112.752422690392,1,,data/mapillary_images_new/VW2hY8wcJ3e4PDUjQivLGd/right
105.374011285507,1649644955965658_right,1649644955965658_right,-7.30325452713456,112.752926945686,1,my_hood,data/mapillary_images_new/VhRsvgX03frqbokEC81T76/right
0,456895273949629_right,456895273949629_right,-7.30366423607009,112.750191092491,1,,data/mapillary_images_new/VW2hY8wcJ3e4PDUjQivLGd/right
199.65069085205,3959271974340138_right,3959271974340138_right,-7.30100378174025,112.749332785606,1,my_hood,data/mapillary_images_new/VhRsvgX03frqbokEC81T76/right
282.905452326568,498495682726413_right,498495682726413_right,-7.30151459019946,112.751226425171,1,my_hood,data/mapillary_images_new/Qycm8N0gHbjkBZCtdxMoY3/right
322.656730829521,1020890889802499_right,1020890889802499_right,-7.30336094507599,112.749638557434,1,,data/mapillary_images_new/VW2hY8wcJ3e4PDUjQivLGd/right
258.599952474011,563856436416056_right,563856436416056_right,-7.30414311616816,112.750191092491,1,,data/mapillary_images_new/wmL9oX1AljUsix742F0cZf/right
278.816539229353,1273144287294344_right,1273144287294344_right,-7.30122193959109,112.754568457603,1,my_hood,data/mapillary_images_new/Qycm8N0gHbjkBZCtdxMoY3/right
107.727369405825,610548025258042_right,610548025258042_right,-7.30404734018958,112.752642631531,1,,data/mapillary_images_new/wmL9oX1AljUsix742F0cZf/right
282.976723201864,1217084932689898_right,1217084932689898_right,-7.30204668172398,112.753286361694,1,my_hood,data/mapillary_images_new/Qycm8N0gHbjkBZCtdxMoY3/right
110.709918562325,559854003690538_right,559854003690538_right,-7.30227548088487,112.749139666557,1,my_hood,data/mapillary_images_new/VhRsvgX03frqbokEC81T76/right
205.282784131686,1262724368148766_right,1262724368148766_right,-7.30038123314174,112.74959564209,1,my_hood,data/mapillary_images_new/VhRsvgX03frqbokEC81T76/right
287.234312684235,620183467024886_right,620183467024886_right,-7.30199347260003,112.749788761139,1,my_hood,data/mapillary_images_new/VhRsvgX03frqbokEC81T76/right
13.9268427155058,607245015105092_right,607245015105092_right,-7.302498959022,112.754643559456,1,my_hood,data/mapillary_images_new/Qycm8N0gHbjkBZCtdxMoY3/right
110.13344418583,614320364506090_right,614320364506090_right,-7.30258941442669,112.753613591194,1,my_hood,data/mapillary_images_new/Qycm8N0gHbjkBZCtdxMoY3/right
105.542151181794,1315517856309271_right,1315517856309271_right,-7.30096653526728,112.750904560089,1,my_hood,data/mapillary_images_new/Qycm8N0gHbjkBZCtdxMoY3/right
103.344888081411,1138735524476809_right,1138735524476809_right,-7.30087607953428,112.750555872917,1,my_hood,data/mapillary_images_new/Qycm8N0gHbjkBZCtdxMoY3/right
4.72521996072692,1988343594976170_right,1988343594976170_right,-7.29858807549836,112.750298380852,1,,data/mapillary_images_new/rLKfngGP2QWN4z7hej1FIu/right
183.15410734755,836367178539510_right,836367178539510_right,-7.30003537243476,112.75073826313,1,my_hood,data/mapillary_images_new/VhRsvgX03frqbokEC81T76/right
357.011578129727,1143353570496855_right,1143353570496855_right,-7.29845505164791,112.750309109688,1,,data/mapillary_images_new/rLKfngGP2QWN4z7hej1FIu/right
272.220590862045,852808510163494_right,852808510163494_right,-7.3023393317926,112.754498720169,1,my_hood,data/mapillary_images_new/Qycm8N0gHbjkBZCtdxMoY3/right
108.575395195975,3518305604970834_right,3518305604970834_right,-7.30253620536733,112.753420472145,1,my_hood,data/mapillary_images_new/Qycm8N0gHbjkBZCtdxMoY3/right
284.14643498943,474366845692754_right,474366845692754_right,-7.30256280989779,112.751913070679,1,my_hood,data/mapillary_images_new/VhRsvgX03frqbokEC81T76/right
121.170005219562,1578792206075991_right,1578792206075991_right,-7.30232868997527,112.749386429787,1,my_hood,data/mapillary_images_new/VhRsvgX03frqbokEC81T76/right
318.598115007411,1377950493588702_right,1377950493588702_right,-7.30348864657226,112.749633193016,1,,data/mapillary_images_new/VW2hY8wcJ3e4PDUjQivLGd/right
287.234284355244,1140507227699094_right,1140507227699094_right,-7.30121129774717,112.750078439713,1,my_hood,data/mapillary_images_new/Qycm8N0gHbjkBZCtdxMoY3/right
121.637576885888,914942700824372_right,914942700824372_right,-7.30256813080372,112.750244736671,1,my_hood,data/mapillary_images_new/VhRsvgX03frqbokEC81T76/right
253.171970789607,2652215141645099_right,2652215141645099_right,-7.3001950004866,112.748774886131,1,,data/mapillary_images_new/2WwrcMRsN6phxTSEt0yeKb/right
279.860834154508,632802495949059_right,632802495949059_right,-7.30233401088395,112.754471898079,1,my_hood,data/mapillary_images_new/Qycm8N0gHbjkBZCtdxMoY3/right
103.097203775214,498971772670673_right,498971772670673_right,-7.30155715754472,112.753962278366,1,my_hood,data/mapillary_images_new/Qycm8N0gHbjkBZCtdxMoY3/right
106.684927196138,873654944690439_right,873654944690439_right,-7.30133367893689,112.75291621685,1,my_hood,data/mapillary_images_new/Qycm8N0gHbjkBZCtdxMoY3/right
106.828146476976,1182090986673487_right,1182090986673487_right,-7.30349396746715,112.750502228737,1,,data/mapillary_images_new/wmL9oX1AljUsix742F0cZf/right
306.692592371681,963030159077041_right,963030159077041_right,-7.30328645251964,112.749370336533,1,,data/mapillary_images_new/KEYQ7cuxoq089kXALyJD6R/right
103.237669368986,1252475355808615_right,1252475355808615_right,-7.30289270594422,112.751580476761,1,my_hood,data/mapillary_images_new/VhRsvgX03frqbokEC81T76/right
95.756997617728,919785643628278_right,919785643628278_right,-7.3039515641905,112.752251029015,1,,data/mapillary_images_new/wmL9oX1AljUsix742F0cZf/right
121.170014185454,1327079225392741_right,1327079225392741_right,-7.30248831720849,112.753227353096,1,my_hood,data/mapillary_images_new/Qycm8N0gHbjkBZCtdxMoY3/right
97.8278789859296,586160720803460_right,586160720803460_right,-7.30237125724302,112.749574184418,1,my_hood,data/mapillary_images_new/VhRsvgX03frqbokEC81T76/right
105.830706693324,499255142659468_right,499255142659468_right,-7.30329709431417,112.749815583229,1,,data/mapillary_images_new/wmL9oX1AljUsix742F0cZf/right
293.599480904041,609931771402642_right,609931771402642_right,-7.30412183261913,112.750942111015,1,,data/mapillary_images_new/VW2hY8wcJ3e4PDUjQivLGd/right
102.824984197564,882607010424140_right,882607010424140_right,-7.30262666076449,112.753779888153,1,my_hood,data/mapillary_images_new/Qycm8N0gHbjkBZCtdxMoY3/right
281.041454129014,1120277253102876_right,1120277253102876_right,-7.30283949692092,112.752953767776,1,my_hood,data/mapillary_images_new/VhRsvgX03frqbokEC81T76/right
113.000949668032,1657183665200253_right,1657183665200253_right,-7.30103570728605,112.7511459589,1,my_hood,data/mapillary_images_new/Qycm8N0gHbjkBZCtdxMoY3/right
102.190721051575,2255860214783049_right,2255860214783049_right,-7.30273307885537,112.754246592522,1,my_hood,data/mapillary_images_new/Qycm8N0gHbjkBZCtdxMoY3/right
108.221647344496,1588713478676017_right,1588713478676017_right,-7.3041058699567,112.752841114998,1,,data/mapillary_images_new/wmL9oX1AljUsix742F0cZf/right
103.344927332446,2730027987179017_right,2730027987179017_right,-7.30223291360798,112.752272486687,1,my_hood,data/mapillary_images_new/Qycm8N0gHbjkBZCtdxMoY3/right
16.1351729274165,8966365003478147_right,8966365003478147_right,-7.30345672120161,112.749719023705,1,,data/mapillary_images_new/wmL9oX1AljUsix742F0cZf/right
208.248054589645,1256025042279611_right,1256025042279611_right,-7.30043444245753,112.74956882,1,my_hood,data/mapillary_images_new/VhRsvgX03frqbokEC81T76/right
33.4749581093409,1112231177163544_right,1112231177163544_right,-7.30389303440317,112.749381065369,1,,data/mapillary_images_new/KEYQ7cuxoq089kXALyJD6R/right
98.1956116577733,776515318009883_right,776515318009883_right,-7.29836459540699,112.754407525063,1,,data/mapillary_images_new/t7ONjKynz6e5I4fvDqAYBW/right
287.057946089414,1663841701210906_right,1663841701210906_right,-7.30293527315827,112.748292088509,1,,data/mapillary_images_new/VW2hY8wcJ3e4PDUjQivLGd/right
191.999603722409,1612058539517194_right,1612058539517194_right,-7.29888604877982,112.750244736671,1,,data/mapillary_images_new/VhRsvgX03frqbokEC81T76/right
197.392084899262,1139993350975811_right,1139993350975811_right,-7.30074837729185,112.750571966171,1,my_hood,data/mapillary_images_new/VhRsvgX03frqbokEC81T76/right
195.302983857204,1314087429764323_right,1314087429764323_right,-7.30169018047256,112.749086022377,1,my_hood,data/mapillary_images_new/VhRsvgX03frqbokEC81T76/right
105.644870667326,1142974017439057_right,1142974017439057_right,-7.30265858619441,112.753913998604,1,my_hood,data/mapillary_images_new/Qycm8N0gHbjkBZCtdxMoY3/right
93.2057800989154,1096917788578715_right,1096917788578715_right,-7.3026479443847,112.75065779686,1,my_hood,data/mapillary_images_new/VhRsvgX03frqbokEC81T76/right
99.9448185265211,384207161415540_right,384207161415540_right,-7.29968951146036,112.748581767082,1,,data/mapillary_images_new/2WwrcMRsN6phxTSEt0yeKb/right
281.39999794493,1290463628809317_right,1290463628809317_right,-7.30216374177442,112.753779888153,1,my_hood,data/mapillary_images_new/Qycm8N0gHbjkBZCtdxMoY3/right
20.4031701590652,1054427866455961_right,1054427866455961_right,-7.3009505724922,112.749987244606,1,my_hood,data/mapillary_images_new/Qycm8N0gHbjkBZCtdxMoY3/right
287.880495781275,479230788527250_right,479230788527250_right,-7.30047168897481,112.750818729401,1,my_hood,data/mapillary_images_new/VhRsvgX03frqbokEC81T76/right
108.57542528792,3313795408757819_right,3313795408757819_right,-7.30331837790246,112.753173708916,1,my_hood,data/mapillary_images_new/VhRsvgX03frqbokEC81T76/right
198.295506771507,1148197403307589_right,1148197403307589_right,-7.3001258283378,112.748823165894,1,,data/mapillary_images_new/2WwrcMRsN6phxTSEt0yeKb/right
285.047918524419,1131182731891612_right,1131182731891612_right,-7.29994491651344,112.750448584557,1,my_hood,data/mapillary_images_new/VhRsvgX03frqbokEC81T76/right
99.1121954714326,896090832509759_right,896090832509759_right,-7.30388771351303,112.751998901367,1,,data/mapillary_images_new/wmL9oX1AljUsix742F0cZf/right
207.704880618762,644013604616247_right,644013604616247_right,-7.30015243301168,112.748812437057,1,,data/mapillary_images_new/2WwrcMRsN6phxTSEt0yeKb/right
99.5382975533588,1139123074543810_right,1139123074543810_right,-7.30315343006673,112.752540707588,1,my_hood,data/mapillary_images_new/VhRsvgX03frqbokEC81T76/right
290.133459844603,1127150168991828_right,1127150168991828_right,-7.30297784036827,112.753506302834,1,my_hood,data/mapillary_images_new/VhRsvgX03frqbokEC81T76/right
289.324182919797,946998220235878_right,946998220235878_right,-7.30060471222552,112.751510739326,1,my_hood,data/mapillary_images_new/Qycm8N0gHbjkBZCtdxMoY3/right
102.436865047018,4136756249915151_right,4136756249915151_right,-7.30261601895401,112.753720879555,1,my_hood,data/mapillary_images_new/Qycm8N0gHbjkBZCtdxMoY3/right
283.237602737439,1946979422461002_right,1946979422461002_right,-7.30057278664896,112.7511459589,1,my_hood,data/mapillary_images_new/VhRsvgX03frqbokEC81T76/right
135.23314141121,970558568265080_right,970558568265080_right,-7.29981189306648,112.748898267746,1,,data/mapillary_images_new/2WwrcMRsN6phxTSEt0yeKb/right
208.248079714062,3873868969498599_right,3873868969498599_right,-7.29996620026128,112.748871445656,1,,data/mapillary_images_new/2WwrcMRsN6phxTSEt0yeKb/right
196.97207558072,3936161866598318_right,3936161866598318_right,-7.30066324244331,112.749466896057,1,my_hood,data/mapillary_images_new/VhRsvgX03frqbokEC81T76/right
105.830696275758,1050664723400551_right,1050664723400551_right,-7.30298316126925,112.751907706261,1,my_hood,data/mapillary_images_new/VhRsvgX03frqbokEC81T76/right
201.641041429459,9237975189595852_right,9237975189595852_right,-7.30105167005809,112.749311327934,1,my_hood,data/mapillary_images_new/VhRsvgX03frqbokEC81T76/right
266.962645719975,2110171849403739_right,2110171849403739_right,-7.29890733257805,112.750942111015,1,,data/mapillary_images_new/rLKfngGP2QWN4z7hej1FIu/right
291.529333116222,1319304069199838_right,1319304069199838_right,-7.2999874840081,112.750609517097,1,my_hood,data/mapillary_images_new/VhRsvgX03frqbokEC81T76/right
197.515842859441,1180531673737290_right,1180531673737290_right,-7.2999395955763,112.748882174492,1,,data/mapillary_images_new/2WwrcMRsN6phxTSEt0yeKb/right
201.641042864476,455730997590296_right,455730997590296_right,-7.3010303863619,112.74932205677,1,my_hood,data/mapillary_images_new/VhRsvgX03frqbokEC81T76/right
101.399986727996,1148929426857171_right,1148929426857171_right,-7.30169550138883,112.75465965271,1,my_hood,data/mapillary_images_new/Qycm8N0gHbjkBZCtdxMoY3/right
267.69068477263,1128331532330107_right,1128331532330107_right,-7.30132303709564,112.750459313393,1,my_hood,data/mapillary_images_new/Qycm8N0gHbjkBZCtdxMoY3/right
283.497985818484,1538793783488576_right,1538793783488576_right,-7.30125918604278,112.754815220833,1,my_hood,data/mapillary_images_new/Qycm8N0gHbjkBZCtdxMoY3/right
8.67627383595419,595051669947499_right,595051669947499_right,-7.30413779528099,112.752395868301,1,,data/mapillary_images_new/VW2hY8wcJ3e4PDUjQivLGd/right
75.8535984832844,619739590620927_right,619739590620927_right,-7.3014560600931,112.753463387489,1,my_hood,data/mapillary_images_new/Qycm8N0gHbjkBZCtdxMoY3/right
299.253053437624,1280414339872337_right,1280414339872337_right,-7.30117405129148,112.749944329262,1,my_hood,data/mapillary_images_new/Qycm8N0gHbjkBZCtdxMoY3/right
275.756932594538,1307932447305257_right,1307932447305257_right,-7.2989020116286,112.750743627548,1,,data/mapillary_images_new/rLKfngGP2QWN4z7hej1FIu/right
105.925263168687,1021510263307089_right,1021510263307089_right,-7.30408458640591,112.7527821064,1,,data/mapillary_images_new/wmL9oX1AljUsix742F0cZf/right
286.238290132083,526583453762679_right,526583453762679_right,-7.30317471366186,112.749043107033,1,,data/mapillary_images_new/KEYQ7cuxoq089kXALyJD6R/right
100.387267212563,1136854171512575_right,1136854171512575_right,-7.30164229222309,112.754380702972,1,my_hood,data/mapillary_images_new/Qycm8N0gHbjkBZCtdxMoY3/right
273.977358618027,3848447275414392_right,3848447275414392_right,-7.3041005490691,112.750861644745,1,,data/mapillary_images_new/VW2hY8wcJ3e4PDUjQivLGd/right
283.097183037678,570024652669033_right,570024652669033_right,-7.30083883305068,112.752631902695,1,my_hood,data/mapillary_images_new/Qycm8N0gHbjkBZCtdxMoY3/right
215.616607385085,4000336863523728_right,4000336863523728_right,-7.30000344681756,112.749783396721,1,my_hood,data/mapillary_images_new/VhRsvgX03frqbokEC81T76/right
284.583604483682,613808801097815_right,613808801097815_right,-7.30270647433503,112.75242805481,1,my_hood,data/mapillary_images_new/VhRsvgX03frqbokEC81T76/right
357.971152762817,1636676493553719_right,1636676493553719_right,-7.29910420766363,112.751478552818,1,,data/mapillary_images_new/Qycm8N0gHbjkBZCtdxMoY3/right
281.782300733305,1052230843374503_right,1052230843374503_right,-7.30267454890853,112.752288579941,1,my_hood,data/mapillary_images_new/VhRsvgX03frqbokEC81T76/right
278.599461051632,1776082849900951_right,1776082849900951_right,-7.30115808852381,112.754235863686,1,my_hood,data/mapillary_images_new/Qycm8N0gHbjkBZCtdxMoY3/right
35.8057397900087,2662551757466525_right,2662551757466525_right,-7.30169550138883,112.754863500595,1,my_hood,data/mapillary_images_new/Qycm8N0gHbjkBZCtdxMoY3/right
8.06501305651949,1138022514622576_right,1138022514622576_right,-7.30340351224547,112.749729752541,1,,data/mapillary_images_new/wmL9oX1AljUsix742F0cZf/right
241.733465196273,3589934234647086_right,3589934234647086_right,-7.29976400461589,112.74992287159,1,my_hood,data/mapillary_images_new/VhRsvgX03frqbokEC81T76/right
288.575268053327,606197211812691_right,606197211812691_right,-7.29926383604779,112.748635411263,1,,data/mapillary_images_new/rLKfngGP2QWN4z7hej1FIu/right
104.146438107887,1107280777506785_right,1107280777506785_right,-7.30265326528958,112.753887176514,1,my_hood,data/mapillary_images_new/Qycm8N0gHbjkBZCtdxMoY3/right
284.146389580427,1292221138773595_right,1292221138773595_right,-7.3010623119058,112.753704786301,1,my_hood,data/mapillary_images_new/Qycm8N0gHbjkBZCtdxMoY3/right
207.879306656851,1617876258828508_right,1617876258828508_right,-7.29995023745049,112.749804854393,1,my_hood,data/mapillary_images_new/VhRsvgX03frqbokEC81T76/right
285.186033506595,607090078387676_right,607090078387676_right,-7.30227548088487,112.75079190731,1,my_hood,data/mapillary_images_new/VhRsvgX03frqbokEC81T76/right
88.1373090464344,601658825685208_right,601658825685208_right,-7.29837523731864,112.754461169243,1,,data/mapillary_images_new/t7ONjKynz6e5I4fvDqAYBW/right
9.78730530483608,1154900862865532_right,1154900862865532_right,-7.3040313775245,112.749343514442,1,,data/mapillary_images_new/GfnECFq1P5zs8ldBytcZSH/right
207.284006871576,590010726993307_right,590010726993307_right,-7.3000566561783,112.749756574631,1,my_hood,data/mapillary_images_new/VhRsvgX03frqbokEC81T76/right
290.709774438671,604683568714472_right,604683568714472_right,-7.29888604877982,112.750523686409,1,,data/mapillary_images_new/rLKfngGP2QWN4z7hej1FIu/right
140.423641875535,1140397894402104_right,1140397894402104_right,-7.30082819119764,112.750577330589,1,my_hood,data/mapillary_images_new/VhRsvgX03frqbokEC81T76/right
104.533716007412,1112363506821317_right,1112363506821317_right,-7.3022595181565,112.752379775047,1,my_hood,data/mapillary_images_new/Qycm8N0gHbjkBZCtdxMoY3/right
303.118416286136,1575914449795830_right,1575914449795830_right,-7.30236593633478,112.754638195038,1,my_hood,data/mapillary_images_new/Qycm8N0gHbjkBZCtdxMoY3/right
269.999999832979,455766700731108_right,455766700731108_right,-7.30382386282645,112.749756574631,1,,data/mapillary_images_new/VW2hY8wcJ3e4PDUjQivLGd/right
254.355088590181,965959271577787_right,965959271577787_right,-7.30389303440317,112.750158905983,1,,data/mapillary_images_new/VW2hY8wcJ3e4PDUjQivLGd/right
280.704496782365,1635523803814856_right,1635523803814856_right,-7.30246171267358,112.7514731884,1,my_hood,data/mapillary_images_new/VhRsvgX03frqbokEC81T76/right
351.099007434266,571796692388456_right,571796692388456_right,-7.30383982549895,112.749692201614,1,,data/mapillary_images_new/VW2hY8wcJ3e4PDUjQivLGd/right
285.373969943024,9444921192282181_right,9444921192282181_right,-7.30200411442533,112.753093242645,1,my_hood,data/mapillary_images_new/Qycm8N0gHbjkBZCtdxMoY3/right
104.146418249244,448293605011308_right,448293605011308_right,-7.30199879351271,112.751398086548,1,my_hood,data/mapillary_images_new/Qycm8N0gHbjkBZCtdxMoY3/right
184.36320269961,817459400487690_right,817459400487690_right,-7.29869981550218,112.75030374527,1,,data/mapillary_images_new/VhRsvgX03frqbokEC81T76/right
2.70424760527669,926872726090519_right,926872726090519_right,-7.29966822769933,112.751483917236,1,my_hood,data/mapillary_images_new/Qycm8N0gHbjkBZCtdxMoY3/right
287.88048297614,9823633294319435_right,9823633294319435_right,-7.30013647020753,112.74853348732,1,,data/mapillary_images_new/2WwrcMRsN6phxTSEt0yeKb/right
279.860802778791,3749398965324726_right,3749398965324726_right,-7.30088140046026,112.752851843834,1,my_hood,data/mapillary_images_new/Qycm8N0gHbjkBZCtdxMoY3/right
353.710773624597,1294612505007445_right,1294612505007445_right,-7.29913081239827,112.751478552818,1,,data/mapillary_images_new/Qycm8N0gHbjkBZCtdxMoY3/right
288.575313935132,905583121774239_right,905583121774239_right,-7.30044508431992,112.75068461895,1,my_hood,data/mapillary_images_new/VhRsvgX03frqbokEC81T76/right
130.035025392239,896977425581108_right,896977425581108_right,-7.29932768738549,112.750126719475,1,,data/mapillary_images_new/VhRsvgX03frqbokEC81T76/right
284.735205975167,943554281202386_right,943554281202386_right,-7.30104102821012,112.75359749794,1,my_hood,data/mapillary_images_new/Qycm8N0gHbjkBZCtdxMoY3/right
299.946361505856,950380676525267_right,950380676525267_right,-7.30352057194064,112.749681472778,1,,data/mapillary_images_new/VW2hY8wcJ3e4PDUjQivLGd/right
0,1107544473903593_right,1107544473903593_right,-7.29988638620165,112.751478552818,1,my_hood,data/mapillary_images_new/Qycm8N0gHbjkBZCtdxMoY3/right
280.20565161542,1994159341097769_right,1994159341097769_right,-7.29890733257805,112.750829458237,1,,data/mapillary_images_new/rLKfngGP2QWN4z7hej1FIu/right
278.816541931006,510834144699419_right,510834144699419_right,-7.30136028353891,112.750652432442,1,my_hood,data/mapillary_images_new/Qycm8N0gHbjkBZCtdxMoY3/right
346.07304439539,561330043722266_right,561330043722266_right,-7.29873174121242,112.750298380852,1,,data/mapillary_images_new/rLKfngGP2QWN4z7hej1FIu/right
278.816558307821,1129193388231572_right,1129193388231572_right,-7.30220098814767,112.750550508499,1,my_hood,data/mapillary_images_new/VhRsvgX03frqbokEC81T76/right
103.097204347462,610720278100459_right,610720278100459_right,-7.30157844121584,112.754074931145,1,my_hood,data/mapillary_images_new/Qycm8N0gHbjkBZCtdxMoY3/right
